recipe_id,date,bookmark_name
2865862,2023-01-01,
2023128,,I've cooked this
1855782,,I've cooked this
1715016,,I've cooked this
2175183,,I've cooked this
1855727,,I've cooked this
1715805,,I've cooked this
2023448,,I've cooked this
2159767,,I've cooked this
1714335,,I've cooked this
1715299,,I've cooked this
1714994,,I've cooked this
1855617,,I've cooked this
1855619,,I've cooked this
1365093,,I've cooked this
1714347,,I've cooked this
2023126,,I've cooked this
1415839,,I've cooked this
2159893,,I've cooked this
2023125,,I've cooked this
1855621,,I've cooked this
1343031,,I've cooked this
1415899,,I've cooked this
1415868,,I've cooked this
1716076,,I've cooked this
1855792,,I've cooked this
2159389,,I've cooked this
1525005,,I've cooked this
2205579,,I've cooked this
1714239,,I've cooked this
2478082,,I've cooked this
1855784,,I've cooked this
1716068,,I've cooked this
1353517,,I've cooked this
2159987,,I've cooked this
1856080,,I've cooked this
1715795,,I've cooked this
928897,,I've cooked this
2180461,,I've cooked this
1714424,,I've cooked this
1715797,,I've cooked this
2023458,,I've cooked this
1531882,,I've cooked this
1715796,,I've cooked this
1855665,,I've cooked this
1714173,,I've cooked this
1714175,,I've cooked this
1714681,,I've cooked this
1714344,,I've cooked this
1715000,,I've cooked this
1415829,,I've cooked this
