recipe_id,bookmark_name
1855630,I've cooked this
2601496,I've cooked this
2601194,I've cooked this
2602365,I've cooked this
2866117,I've cooked this
2866023,I've cooked this
2602130,I've cooked this
2023128,I've cooked this
1716075,I've cooked this
1518514,I've cooked this
2205326,I've cooked this
929194,I've cooked this
2014699,I've cooked this
2326378,I've cooked this
2484305,I've cooked this
2799440,I've cooked this
1757841,I've cooked this
2154012,I've cooked this
2152238,I've cooked this
2602821,I've cooked this
1686299,I've cooked this
1353547,I've cooked this
2110039,I've cooked this
1855623,I've cooked this
2014693,I've cooked this
2473746,I've cooked this
2182825,I've cooked this
2602348,I've cooked this
1855728,I've cooked this
377465,I've cooked this
1686295,I've cooked this
1199097,I've cooked this
1855782,I've cooked this
1856079,I've cooked this
1215451,I've cooked this
2277630,I've cooked this
2023231,I've cooked this
2185139,I've cooked this
769360,I've cooked this
2811558,I've cooked this
2359223,I've cooked this
2138928,I've cooked this
1335504,I've cooked this
1354141,I've cooked this
2359691,I've cooked this
2174562,I've cooked this
1354140,I've cooked this
1048199,I've cooked this
2276750,I've cooked this
2023113,I've cooked this
2043729,I've cooked this
652315,I've cooked this
2276192,I've cooked this
928856,I've cooked this
2478088,I've cooked this
455382,I've cooked this
2277538,I've cooked this
1709433,I've cooked this
2023250,I've cooked this
2113800,I've cooked this
2602132,I've cooked this
1354161,I've cooked this
2870666,I've cooked this
2023252,I've cooked this
2185137,I've cooked this
1856076,I've cooked this
2015391,I've cooked this
2184661,I've cooked this
2185103,I've cooked this
1715016,I've cooked this
25354,I've cooked this
2175183,I've cooked this
2799431,I've cooked this
398021,I've cooked this
2110046,I've cooked this
928932,I've cooked this
769258,I've cooked this
928929,I've cooked this
1354163,I've cooked this
1531981,I've cooked this
929144,I've cooked this
2205925,I've cooked this
769287,I've cooked this
2484333,I've cooked this
2326205,I've cooked this
1245335,I've cooked this
2276751,I've cooked this
2275656,I've cooked this
1374179,I've cooked this
1689169,I've cooked this
2023114,I've cooked this
1855727,I've cooked this
1244376,I've cooked this
1758724,I've cooked this
1757842,I've cooked this
2147931,I've cooked this
2602133,I've cooked this
1211423,I've cooked this
2602347,I've cooked this
2359190,I've cooked this
1715805,I've cooked this
2870625,I've cooked this
2359203,I've cooked this
2175134,I've cooked this
1685097,I've cooked this
2601477,I've cooked this
2799419,I've cooked this
398018,I've cooked this
1860750,I've cooked this
1518261,I've cooked this
2484340,I've cooked this
2799288,I've cooked this
2328592,I've cooked this
377474,I've cooked this
2023448,I've cooked this
2180443,I've cooked this
1369358,I've cooked this
2174832,I've cooked this
2014700,I've cooked this
2484403,I've cooked this
929150,I've cooked this
2023108,I've cooked this
2602358,I've cooked this
1374186,I've cooked this
1532452,I've cooked this
2023417,I've cooked this
377457,I've cooked this
1243941,I've cooked this
1531548,I've cooked this
2811572,I've cooked this
398039,I've cooked this
2484308,I've cooked this
2799300,I've cooked this
2478509,I've cooked this
1861119,I've cooked this
2023249,I've cooked this
2182832,I've cooked this
2023463,I've cooked this
2601580,I've cooked this
1353526,I've cooked this
2023213,I've cooked this
2865600,I've cooked this
1866416,I've cooked this
1343116,I've cooked this
2023246,I've cooked this
2276730,I've cooked this
2175137,I've cooked this
928949,I've cooked this
2601549,I've cooked this
2023197,I've cooked this
1518510,I've cooked this
1531896,I've cooked this
2799281,I've cooked this
1866068,I've cooked this
2870611,I've cooked this
928899,I've cooked this
592602,I've cooked this
2199859,I've cooked this
2276741,I've cooked this
2601559,I've cooked this
2023228,I've cooked this
1757853,I've cooked this
2193947,I've cooked this
377456,I've cooked this
2810326,I've cooked this
2359679,I've cooked this
2276732,I've cooked this
2799229,I've cooked this
2359120,I've cooked this
377407,I've cooked this
652094,I've cooked this
2162056,I've cooked this
652553,I've cooked this
2326039,I've cooked this
2799422,I've cooked this
377468,I've cooked this
1353505,I've cooked this
769299,I've cooked this
2174542,I've cooked this
2870675,I've cooked this
398015,I've cooked this
1686312,I've cooked this
2159767,I've cooked this
398110,I've cooked this
1353959,I've cooked this
769269,I've cooked this
377469,I've cooked this
1518595,I've cooked this
2602803,I've cooked this
1709330,I've cooked this
652541,I've cooked this
2207388,I've cooked this
2477668,I've cooked this
377475,I've cooked this
2130886,I've cooked this
651626,I've cooked this
2326187,I've cooked this
2142792,I've cooked this
398100,I've cooked this
2326030,I've cooked this
1757815,I've cooked this
1531552,I've cooked this
1354144,I've cooked this
2180312,I've cooked this
1755029,I've cooked this
1843951,I've cooked this
2359770,I've cooked this
1861999,I've cooked this
1335511,I've cooked this
2023176,I've cooked this
1855802,I've cooked this
2602154,I've cooked this
2359754,I've cooked this
1392437,I've cooked this
377484,I've cooked this
2484341,I've cooked this
398062,I've cooked this
2799384,I've cooked this
2276748,I've cooked this
2327367,I've cooked this
2799233,I've cooked this
2870677,I've cooked this
1518288,I've cooked this
2799283,I've cooked this
2870656,I've cooked this
2811574,I've cooked this
1714335,I've cooked this
1860596,I've cooked this
377464,I've cooked this
2205583,I've cooked this
1513386,I've cooked this
2858475,I've cooked this
2602819,I've cooked this
2601202,I've cooked this
2799063,I've cooked this
928891,I've cooked this
2580115,I've cooked this
769251,I've cooked this
2326910,I've cooked this
1666917,I've cooked this
1715299,I've cooked this
1164089,I've cooked this
1164086,I've cooked this
1524933,I've cooked this
1861125,I've cooked this
2580495,I've cooked this
1531937,I've cooked this
1866208,I've cooked this
1531923,I've cooked this
1714414,I've cooked this
2199341,I've cooked this
1714994,I've cooked this
2023409,I've cooked this
2277613,I've cooked this
929137,I've cooked this
2184676,I've cooked this
2799265,I've cooked this
2184678,I've cooked this
1866204,I've cooked this
2205918,I've cooked this
2866147,I've cooked this
652215,I've cooked this
398094,I've cooked this
2130991,I've cooked this
398097,I've cooked this
377411,I've cooked this
2602135,I've cooked this
2276736,I've cooked this
377417,I've cooked this
929521,I've cooked this
2023419,I've cooked this
651262,I've cooked this
2224082,I've cooked this
1855632,I've cooked this
2478503,I've cooked this
1855650,I've cooked this
2019594,I've cooked this
1946723,I've cooked this
1855629,I've cooked this
2277647,I've cooked this
2159890,I've cooked this
1855617,I've cooked this
1415986,I've cooked this
200606,I've cooked this
769257,I've cooked this
377477,I've cooked this
377467,I've cooked this
1855688,I've cooked this
929468,I've cooked this
36504,I've cooked this
377494,I've cooked this
1211439,I've cooked this
455349,I've cooked this
1199114,I've cooked this
1510037,I've cooked this
1509873,I've cooked this
769832,I've cooked this
1856091,I've cooked this
1855619,I've cooked this
2478500,I've cooked this
2124798,I've cooked this
2484404,I've cooked this
2870686,I've cooked this
2200409,I've cooked this
36511,I've cooked this
1714821,I've cooked this
2023124,I've cooked this
2275668,I've cooked this
455361,I've cooked this
2326897,I've cooked this
2811536,I've cooked this
1681129,I've cooked this
2135662,I've cooked this
2205977,I've cooked this
2580491,I've cooked this
1199098,I've cooked this
2473741,I've cooked this
2205586,I've cooked this
2205924,I've cooked this
929475,I've cooked this
2602357,I've cooked this
2359685,I've cooked this
2019639,I've cooked this
2602808,I've cooked this
1369331,I've cooked this
2159653,I've cooked this
398103,I've cooked this
1855766,I've cooked this
2799681,I've cooked this
2023420,I've cooked this
929169,I've cooked this
2184668,I've cooked this
769271,I've cooked this
2865603,I've cooked this
1852863,I've cooked this
928933,I've cooked this
2323858,I've cooked this
2602129,I've cooked this
2205919,I've cooked this
769290,I've cooked this
2473355,I've cooked this
1354146,I've cooked this
2473742,I've cooked this
2023115,I've cooked this
2010438,I've cooked this
1354151,I've cooked this
1524554,I've cooked this
2474376,I've cooked this
2326386,I've cooked this
36487,I've cooked this
2121551,I've cooked this
1989708,I've cooked this
651379,I've cooked this
1353943,I've cooked this
2205574,I've cooked this
1755044,I've cooked this
651303,I've cooked this
909867,I've cooked this
2023133,I've cooked this
2870610,I've cooked this
377409,I've cooked this
1866176,I've cooked this
2023244,I've cooked this
1219813,I've cooked this
1855616,I've cooked this
1852710,I've cooked this
2865596,I've cooked this
2602351,I've cooked this
2602366,I've cooked this
1365093,I've cooked this
2205585,I've cooked this
1714347,I've cooked this
2601198,I've cooked this
2206176,I've cooked this
2043744,I've cooked this
2207391,I've cooked this
1354139,I've cooked this
2079233,I've cooked this
2155244,I've cooked this
1531584,I've cooked this
398116,I've cooked this
1354134,I've cooked this
455275,I've cooked this
2023126,I've cooked this
2319038,I've cooked this
2326049,I've cooked this
1866433,I've cooked this
769301,I've cooked this
1709425,I've cooked this
455364,I've cooked this
652165,I've cooked this
2359185,I've cooked this
2602354,I've cooked this
2023189,I've cooked this
652140,I've cooked this
2023132,I've cooked this
2359183,I've cooked this
2205319,I've cooked this
2484326,I've cooked this
1384898,I've cooked this
2432330,I've cooked this
377404,I've cooked this
1532981,I've cooked this
2133200,I've cooked this
2147946,I've cooked this
377499,I've cooked this
2484407,I've cooked this
2130900,I've cooked this
1524735,I've cooked this
2359881,I've cooked this
1346001,I've cooked this
1415839,I've cooked this
1184955,I've cooked this
2478507,I've cooked this
2858486,I've cooked this
2211652,I've cooked this
1533067,I've cooked this
1852578,I've cooked this
1707250,I've cooked this
2174589,I've cooked this
1757844,I've cooked this
1865609,I've cooked this
398068,I've cooked this
769313,I've cooked this
2481915,I've cooked this
2389333,I've cooked this
1757910,I've cooked this
1354180,I've cooked this
1353480,I've cooked this
2205310,I've cooked this
1757822,I've cooked this
1683210,I've cooked this
2197101,I've cooked this
377393,I've cooked this
2129737,I've cooked this
2131113,I've cooked this
1353487,I've cooked this
2180320,I've cooked this
769285,I've cooked this
2484346,I've cooked this
2205901,I've cooked this
2602159,I've cooked this
1531898,I've cooked this
2023421,I've cooked this
651504,I've cooked this
1855676,I've cooked this
2174559,I've cooked this
2174532,I've cooked this
2159893,I've cooked this
2326899,I've cooked this
2277616,I've cooked this
398111,I've cooked this
2276747,I've cooked this
2161292,I've cooked this
1862009,I've cooked this
377383,I've cooked this
2275577,I've cooked this
2023154,I've cooked this
2870674,I've cooked this
1353980,I've cooked this
2602811,I've cooked this
1856147,I've cooked this
1511208,I've cooked this
1518509,I've cooked this
2275584,I've cooked this
398088,I've cooked this
1866070,I've cooked this
2207834,I've cooked this
2023125,I've cooked this
2154322,I've cooked this
1517778,I've cooked this
1245989,I've cooked this
1855621,I've cooked this
2326895,I've cooked this
2799079,I've cooked this
2359682,I've cooked this
1715301,I've cooked this
2799387,I've cooked this
2023259,I've cooked this
1866693,I've cooked this
2602353,I've cooked this
1755028,I've cooked this
1219670,I've cooked this
2327372,I've cooked this
2478487,I've cooked this
2811586,I've cooked this
2207955,I've cooked this
769368,I've cooked this
1343031,I've cooked this
2159892,I've cooked this
1757900,I've cooked this
377488,I've cooked this
2043738,I've cooked this
1709441,I've cooked this
2477667,I've cooked this
2484394,I've cooked this
2484317,I've cooked this
1243461,I've cooked this
2182821,I've cooked this
2327363,I've cooked this
1392429,I've cooked this
2474875,I've cooked this
2601203,I've cooked this
2326035,I've cooked this
398118,I've cooked this
398080,I've cooked this
2858479,I've cooked this
1517847,I've cooked this
2275580,I've cooked this
2477665,I've cooked this
2602368,I've cooked this
2197079,I've cooked this
2182300,I've cooked this
1103663,I've cooked this
1518286,I've cooked this
2601557,I've cooked this
2181440,I've cooked this
1335507,I've cooked this
769351,I've cooked this
2484286,I've cooked this
1852892,I've cooked this
1415899,I've cooked this
1524505,I've cooked this
1755049,I've cooked this
377418,I've cooked this
2023109,I've cooked this
1987170,I've cooked this
2275576,I've cooked this
2359127,I've cooked this
2249628,I've cooked this
2601196,I've cooked this
839142,I've cooked this
1277048,I've cooked this
929193,I've cooked this
398060,I've cooked this
1374373,I've cooked this
1962057,I've cooked this
2602182,I've cooked this
651450,I've cooked this
2580053,I've cooked this
1757839,I've cooked this
2865620,I've cooked this
2205914,I've cooked this
1244663,I've cooked this
1415868,I've cooked this
2023453,I've cooked this
2174812,I've cooked this
2023151,I've cooked this
1856130,I've cooked this
1757821,I've cooked this
1852598,I've cooked this
2200413,I've cooked this
1709264,I've cooked this
2018565,I've cooked this
2275587,I've cooked this
1163735,I've cooked this
2359121,I've cooked this
926632,I've cooked this
1062080,I've cooked this
1866207,I've cooked this
1531561,I've cooked this
2182806,I've cooked this
2484344,I've cooked this
929543,I've cooked this
398112,I've cooked this
2023235,I've cooked this
2174566,I've cooked this
1685099,I've cooked this
2277622,I've cooked this
1987159,I've cooked this
2205973,I've cooked this
1715342,I've cooked this
1716071,I've cooked this
2602148,I've cooked this
1245642,I've cooked this
1245543,I've cooked this
1755050,I've cooked this
1686068,I've cooked this
1384903,I've cooked this
1686297,I've cooked this
1684656,I've cooked this
2174587,I've cooked this
398109,I've cooked this
2277633,I've cooked this
1856145,I've cooked this
2175130,I've cooked this
455295,I've cooked this
1716076,I've cooked this
377412,I've cooked this
2275598,I've cooked this
2277654,I've cooked this
1866411,I've cooked this
929145,I've cooked this
929155,I've cooked this
2015072,I've cooked this
2615638,I've cooked this
2473356,I've cooked this
2478472,I've cooked this
2162053,I've cooked this
2175127,I've cooked this
1532408,I've cooked this
1353527,I've cooked this
1710309,I've cooked this
398104,I've cooked this
1855743,I've cooked this
377471,I've cooked this
2018590,I've cooked this
769348,I've cooked this
1855798,I've cooked this
1855647,I've cooked this
1855677,I've cooked this
2484338,I've cooked this
377512,I've cooked this
377501,I've cooked this
1757893,I've cooked this
1684668,I've cooked this
2131114,I've cooked this
2473713,I've cooked this
2019567,I've cooked this
2473375,I've cooked this
652529,I've cooked this
455314,I've cooked this
1843954,I've cooked this
1518497,I've cooked this
2208291,I've cooked this
2019552,I've cooked this
1683855,I've cooked this
2633602,I've cooked this
2205327,I've cooked this
2799228,I've cooked this
398052,I've cooked this
2484319,I've cooked this
651278,I've cooked this
2359188,I've cooked this
2601563,I've cooked this
1856073,I've cooked this
1757898,I've cooked this
2799084,I've cooked this
1452575,I've cooked this
1856083,I've cooked this
769694,I've cooked this
1855792,I've cooked this
2143399,I've cooked this
2602150,I've cooked this
2359689,I've cooked this
2602152,I've cooked this
1757909,I've cooked this
1686308,I've cooked this
1509690,I've cooked this
2205903,I've cooked this
2205938,I've cooked this
2200411,I've cooked this
2799070,I've cooked this
1852968,I've cooked this
1715300,I've cooked this
455375,I've cooked this
1635250,I've cooked this
1987164,I've cooked this
929182,I've cooked this
1369416,I've cooked this
2180481,I've cooked this
2174816,I've cooked this
1531962,I've cooked this
2014691,I've cooked this
2811539,I've cooked this
2277605,I've cooked this
1865626,I've cooked this
2602169,I've cooked this
398084,I've cooked this
928938,I've cooked this
1354145,I've cooked this
1681124,I've cooked this
455306,I've cooked this
651935,I've cooked this
2159389,I've cooked this
1244659,I've cooked this
769253,I've cooked this
2208298,I've cooked this
2023462,I've cooked this
2799096,I've cooked this
2359887,I've cooked this
2799435,I've cooked this
398033,I've cooked this
2130975,I've cooked this
2799395,I've cooked this
1866141,I've cooked this
1709966,I've cooked this
2326029,I've cooked this
25106,I've cooked this
929464,I've cooked this
2602817,I've cooked this
2440060,I've cooked this
2473707,I've cooked this
1866060,I've cooked this
1518304,I've cooked this
398024,I've cooked this
2023185,I've cooked this
2180288,I've cooked this
455369,I've cooked this
1525005,I've cooked this
2809690,I've cooked this
2180317,I've cooked this
2205579,I've cooked this
2276200,I've cooked this
1564462,I've cooked this
2015891,I've cooked this
1689197,I've cooked this
2174577,I've cooked this
2023241,I've cooked this
2043470,I've cooked this
2023464,I've cooked this
455350,I've cooked this
651254,I've cooked this
1855636,I've cooked this
2601490,I've cooked this
2023461,I've cooked this
769247,I've cooked this
2478514,I've cooked this
2484278,I've cooked this
2018576,I've cooked this
1685092,I've cooked this
2602137,I've cooked this
1852726,I've cooked this
2359683,I've cooked this
2116542,I've cooked this
2183888,I've cooked this
2473710,I've cooked this
1875557,I've cooked this
2277592,I've cooked this
2813015,I've cooked this
2277645,I've cooked this
2205980,I've cooked this
1958200,I've cooked this
1861120,I've cooked this
2185603,I've cooked this
2023260,I've cooked this
2023236,I've cooked this
652168,I've cooked this
2602346,I've cooked this
1757849,I've cooked this
1384910,I've cooked this
455410,I've cooked this
2023258,I've cooked this
1757843,I've cooked this
377463,I've cooked this
1353493,I've cooked this
1855726,I've cooked this
1518302,I've cooked this
1681151,I've cooked this
2799447,I've cooked this
2023256,I've cooked this
1962056,I've cooked this
398117,I've cooked this
1714239,I've cooked this
929505,I've cooked this
25064,I've cooked this
2276758,I've cooked this
1520737,I've cooked this
2205923,I've cooked this
653869,I've cooked this
2580033,I've cooked this
2180477,I've cooked this
2163847,I've cooked this
1860611,I've cooked this
25281,I've cooked this
1635112,I've cooked this
1867048,I've cooked this
2478082,I've cooked this
2475157,I've cooked this
377470,I've cooked this
2174546,I've cooked this
2159394,I've cooked this
377478,I've cooked this
2327343,I've cooked this
652039,I've cooked this
2799090,I've cooked this
2142747,I've cooked this
2602355,I've cooked this
1856159,I've cooked this
1685654,I've cooked this
1855635,I've cooked this
2865911,I've cooked this
866276,I've cooked this
2473393,I've cooked this
1715304,I've cooked this
2580616,I've cooked this
2174603,I've cooked this
2474395,I've cooked this
1855794,I've cooked this
2175178,I've cooked this
651234,I've cooked this
2478468,I've cooked this
2799099,I've cooked this
2478502,I've cooked this
2870679,I've cooked this
1855784,I've cooked this
2601200,I've cooked this
2277620,I've cooked this
2023242,I've cooked this
36483,I've cooked this
377458,I've cooked this
2865630,I've cooked this
2359697,I've cooked this
2811582,I've cooked this
2205904,I've cooked this
2326193,I've cooked this
2799064,I've cooked this
1715314,I've cooked this
1866421,I've cooked this
1218753,I've cooked this
651964,I've cooked this
2159391,I've cooked this
1354187,I've cooked this
2359219,I've cooked this
651428,I've cooked this
2870658,I've cooked this
2189268,I've cooked this
1686303,I've cooked this
2478474,I've cooked this
2182819,I've cooked this
1716068,I've cooked this
2484339,I've cooked this
284623,I've cooked this
653951,I've cooked this
1532983,I've cooked this
2174563,I've cooked this
2395142,I've cooked this
2181149,I've cooked this
1757850,I've cooked this
2205324,I've cooked this
2196887,I've cooked this
2023134,I've cooked this
1532448,I've cooked this
398042,I've cooked this
2023245,I've cooked this
652043,I've cooked this
398092,I've cooked this
398059,I've cooked this
929511,I've cooked this
2175132,I've cooked this
1532453,I've cooked this
1683212,I've cooked this
2478086,I've cooked this
398056,I've cooked this
398114,I've cooked this
2473370,I've cooked this
769307,I've cooked this
2484389,I've cooked this
377487,I've cooked this
1710311,I've cooked this
769814,I've cooked this
1716894,I've cooked this
1635114,I've cooked this
1867657,I've cooked this
651748,I've cooked this
2799389,I've cooked this
2327370,I've cooked this
769822,I've cooked this
1343154,I've cooked this
377414,I've cooked this
2019530,I've cooked this
2175153,I've cooked this
1353956,I've cooked this
929185,I've cooked this
1868080,I've cooked this
2180466,I've cooked this
1856082,I've cooked this
1855764,I've cooked this
2130888,I've cooked this
2602179,I've cooked this
1353517,I've cooked this
769699,I've cooked this
1353510,I've cooked this
2276756,I've cooked this
2023406,I've cooked this
2206183,I've cooked this
2019544,I've cooked this
2037085,I've cooked this
2052844,I've cooked this
2019527,I've cooked this
1619660,I've cooked this
2019578,I've cooked this
377434,I've cooked this
377433,I've cooked this
2184999,I've cooked this
1867027,I've cooked this
2175161,I've cooked this
1685649,I've cooked this
1866201,I've cooked this
2185336,I've cooked this
1867711,I've cooked this
1341688,I've cooked this
2184662,I've cooked this
1867652,I've cooked this
2412624,I've cooked this
1852603,I've cooked this
1244356,I've cooked this
1867520,I've cooked this
1513383,I've cooked this
2159987,I've cooked this
2130898,I've cooked this
1347010,I've cooked this
2131117,I've cooked this
2023215,I've cooked this
1374191,I've cooked this
2023229,I've cooked this
2182809,I've cooked this
2138868,I've cooked this
653898,I've cooked this
1335505,I've cooked this
2023223,I've cooked this
2359736,I've cooked this
2175165,I've cooked this
928893,I've cooked this
1681160,I've cooked this
2205562,I've cooked this
2205568,I've cooked this
1685094,I've cooked this
1518512,I've cooked this
1860747,I've cooked this
2182815,I've cooked this
2159735,I've cooked this
1686061,I've cooked this
2870671,I've cooked this
2185108,I've cooked this
2174565,I've cooked this
2601508,I've cooked this
2601510,I've cooked this
2185119,I've cooked this
2276219,I've cooked this
1843942,I've cooked this
1685091,I've cooked this
1856080,I've cooked this
928849,I've cooked this
1843947,I've cooked this
1524542,I've cooked this
2180310,I've cooked this
1856110,I've cooked this
1354131,I've cooked this
1354166,I've cooked this
2870643,I've cooked this
2023430,I've cooked this
2207356,I've cooked this
36541,I've cooked this
398007,I've cooked this
1757801,I've cooked this
929067,I've cooked this
2477673,I've cooked this
928915,I've cooked this
1855641,I've cooked this
1635115,I've cooked this
1714997,I've cooked this
839669,I've cooked this
2185125,I've cooked this
769346,I've cooked this
769361,I've cooked this
1709598,I've cooked this
2184664,I've cooked this
1533013,I've cooked this
2152389,I've cooked this
1034181,I've cooked this
1685093,I've cooked this
1715795,I've cooked this
2015060,I've cooked this
2015408,I've cooked this
1860601,I've cooked this
2185127,I've cooked this
1884852,I've cooked this
398045,I've cooked this
2275579,I've cooked this
2180473,I've cooked this
2484345,I've cooked this
2205906,I've cooked this
2023412,I've cooked this
1533028,I've cooked this
377503,I've cooked this
2207932,I've cooked this
2018588,I've cooked this
398037,I've cooked this
928897,I've cooked this
2799269,I've cooked this
1374185,I've cooked this
1754553,I've cooked this
1163723,I've cooked this
2182309,I've cooked this
2180461,I've cooked this
1709426,I've cooked this
1347032,I've cooked this
2602370,I've cooked this
1374367,I've cooked this
1532406,I've cooked this
2326040,I've cooked this
1685648,I've cooked this
2023413,I've cooked this
1353564,I've cooked this
2205588,I've cooked this
1532412,I've cooked this
1532409,I've cooked this
1532411,I've cooked this
1532415,I've cooked this
230859,I've cooked this
2184995,I've cooked this
909808,I've cooked this
2865574,I've cooked this
1517787,I've cooked this
1517879,I've cooked this
2326199,I've cooked this
2130986,I've cooked this
398041,I've cooked this
2484303,I've cooked this
2602165,I've cooked this
2476990,I've cooked this
1714424,I've cooked this
1524753,I've cooked this
2602158,I've cooked this
2601494,I've cooked this
1343040,I've cooked this
398049,I've cooked this
1245910,I've cooked this
2023254,I've cooked this
398101,I've cooked this
1533070,I've cooked this
2601466,I've cooked this
1855626,I've cooked this
1517766,I've cooked this
1513359,I've cooked this
1353479,I've cooked this
2185136,I've cooked this
25244,I've cooked this
455342,I've cooked this
1715797,I've cooked this
2865861,I've cooked this
2132171,I've cooked this
929519,I've cooked this
1709956,I've cooked this
1866206,I've cooked this
2182828,I've cooked this
2182837,I've cooked this
2023458,I've cooked this
2602345,I've cooked this
2326032,I've cooked this
2133195,I've cooked this
2076442,I've cooked this
2276718,I've cooked this
2812934,I've cooked this
2484279,I've cooked this
1860771,I've cooked this
2799264,I've cooked this
2601497,I've cooked this
2813010,I've cooked this
1531882,I've cooked this
2133187,I've cooked this
398099,I've cooked this
2143404,I've cooked this
2277539,I've cooked this
2601486,I've cooked this
2023403,I've cooked this
2132190,I've cooked this
2484274,I've cooked this
2326042,I've cooked this
2205936,I've cooked this
1862006,I've cooked this
2359782,I've cooked this
2484327,I've cooked this
2326381,I've cooked this
2129605,I've cooked this
652138,I've cooked this
2246625,I've cooked this
1353535,I've cooked this
1860751,I've cooked this
2159990,I've cooked this
1860755,I've cooked this
398002,I've cooked this
2275651,I've cooked this
2277611,I've cooked this
2602131,I've cooked this
2484291,I've cooked this
2360057,I've cooked this
2276725,I've cooked this
2858493,I've cooked this
2205920,I've cooked this
1354148,I've cooked this
769300,I've cooked this
2023233,I've cooked this
1518296,I've cooked this
2276757,I've cooked this
1715796,I've cooked this
2277631,I've cooked this
1384913,I've cooked this
2484288,I've cooked this
651273,I've cooked this
1245541,I've cooked this
1757800,I've cooked this
1531879,I've cooked this
2023408,I've cooked this
1353501,I've cooked this
2174815,I've cooked this
2359228,I've cooked this
1353521,I've cooked this
1353523,I've cooked this
2476995,I've cooked this
1163740,I've cooked this
651257,I've cooked this
1353953,I've cooked this
1757856,I've cooked this
1343134,I've cooked this
2799428,I've cooked this
2799275,I've cooked this
2277652,I've cooked this
1856139,I've cooked this
2135673,I've cooked this
2478478,I've cooked this
2474382,I've cooked this
2602146,I've cooked this
2865579,I've cooked this
1531586,I've cooked this
1855665,I've cooked this
2359690,I've cooked this
1353563,I've cooked this
653895,I've cooked this
2277628,I've cooked this
2207849,I've cooked this
2865599,I've cooked this
839023,I've cooked this
455296,I've cooked this
1714173,I've cooked this
1714175,I've cooked this
1524544,I've cooked this
1715794,I've cooked this
1715811,I've cooked this
1714989,I've cooked this
1714411,I've cooked this
2182831,I've cooked this
1524750,I've cooked this
1714681,I've cooked this
2180290,I've cooked this
1716074,I've cooked this
36482,I've cooked this
398008,I've cooked this
651391,I've cooked this
2359216,I've cooked this
2174544,I've cooked this
1714344,I've cooked this
2023433,I've cooked this
455279,I've cooked this
377455,I've cooked this
2182301,I've cooked this
938139,I've cooked this
1165344,I've cooked this
2130887,I've cooked this
769260,I've cooked this
2174601,I've cooked this
2174520,I've cooked this
2023239,I've cooked this
377459,I've cooked this
2359678,I've cooked this
1531599,I've cooked this
2023232,I've cooked this
2174526,I've cooked this
1524474,I've cooked this
2601552,I've cooked this
1866177,I've cooked this
1533065,I've cooked this
2484325,I've cooked this
2133181,I've cooked this
2811579,I've cooked this
2484267,I've cooked this
2130890,I've cooked this
2174827,I've cooked this
398064,I've cooked this
2135690,I've cooked this
2601481,I've cooked this
2484343,I've cooked this
1353525,I've cooked this
2073536,I've cooked this
2326369,I've cooked this
2813021,I've cooked this
1855651,I've cooked this
2206188,I've cooked this
929473,I've cooked this
2327381,I've cooked this
1855770,I've cooked this
1354162,I've cooked this
398032,I've cooked this
1757892,I've cooked this
2601464,I've cooked this
2813012,I've cooked this
938123,I've cooked this
1524550,I've cooked this
2865854,I've cooked this
2870626,I've cooked this
1757860,I've cooked this
2023169,I've cooked this
455373,I've cooked this
1353542,I've cooked this
2174531,I've cooked this
2197078,I've cooked this
2359221,I've cooked this
2154003,I've cooked this
769309,I've cooked this
1532982,I've cooked this
1509752,I've cooked this
1855730,I've cooked this
455469,I've cooked this
1199078,I've cooked this
2205303,I've cooked this
1533061,I've cooked this
2866515,I've cooked this
2359904,I've cooked this
2326043,I've cooked this
2477669,I've cooked this
1757901,I've cooked this
1354159,I've cooked this
1867785,I've cooked this
593073,I've cooked this
2602172,I've cooked this
1865613,I've cooked this
2484328,I've cooked this
2205564,I've cooked this
2205325,I've cooked this
2023152,I've cooked this
2184997,I've cooked this
2142886,I've cooked this
1084435,I've cooked this
1343152,I've cooked this
2023123,I've cooked this
1709982,I've cooked this
929513,I've cooked this
2019590,I've cooked this
1533026,I've cooked this
1855785,I've cooked this
2015064,I've cooked this
1165354,I've cooked this
929146,I've cooked this
974091,I've cooked this
455282,I've cooked this
2484335,I've cooked this
2484276,I've cooked this
936415,I've cooked this
1709471,I've cooked this
1243805,I've cooked this
1866061,I've cooked this
929061,I've cooked this
2799242,I've cooked this
398005,I've cooked this
2359765,I've cooked this
1860745,I've cooked this
2351132,I've cooked this
2602809,I've cooked this
652158,I've cooked this
2023435,I've cooked this
652357,I've cooked this
652350,I've cooked this
1635119,I've cooked this
2012503,I've cooked this
937764,I've cooked this
1715000,I've cooked this
1524757,I've cooked this
2602813,I've cooked this
398035,I've cooked this
2601475,I've cooked this
1855668,I've cooked this
2174824,I've cooked this
455298,I've cooked this
1976658,I've cooked this
2205934,I've cooked this
1354182,I've cooked this
2206177,I've cooked this
398090,I've cooked this
2275586,I've cooked this
928944,I've cooked this
2023127,I've cooked this
377500,I've cooked this
1509744,I've cooked this
1856074,I've cooked this
769834,I've cooked this
1243502,I've cooked this
769354,I've cooked this
1866190,I've cooked this
1681119,I've cooked this
903130,I've cooked this
1415829,I've cooked this
2174598,I've cooked this
1354158,I've cooked this
2276216,I've cooked this
2180303,I've cooked this
1384908,I've cooked this
2205322,I've cooked this
2601460,I've cooked this
1856135,I've cooked this
1861126,I've cooked this
2326201,I've cooked this
2601469,I've cooked this
2812940,I've cooked this
2277624,I've cooked this
2601458,I've cooked this
2019569,I've cooked this
2602134,I've cooked this
2359224,I've cooked this
1843600,I've cooked this
2208293,I've cooked this
2484313,I've cooked this
1855728,Favorite Recipes
377465,Favorite Recipes
1354161,Favorite Recipes
2023252,Favorite Recipes
2023114,Favorite Recipes
2484403,Favorite Recipes
1866416,Favorite Recipes
377469,Favorite Recipes
1354144,Favorite Recipes
1855802,Favorite Recipes
2205583,Favorite Recipes
2199341,Favorite Recipes
2023409,Favorite Recipes
769832,Favorite Recipes
1856091,Favorite Recipes
2200409,Favorite Recipes
1855766,Favorite Recipes
36487,Favorite Recipes
2602354,Favorite Recipes
2023132,Favorite Recipes
1353480,Favorite Recipes
2159892,Favorite Recipes
1987170,Favorite Recipes
398112,Favorite Recipes
2615638,Favorite Recipes
2602152,Favorite Recipes
769253,Favorite Recipes
398033,Favorite Recipes
2023242,Favorite Recipes
377487,Favorite Recipes
2023406,Favorite Recipes
2205562,Favorite Recipes
1354166,Favorite Recipes
1533013,Favorite Recipes
2152389,Favorite Recipes
2023412,Favorite Recipes
377503,Favorite Recipes
651273,Favorite Recipes
2277652,Favorite Recipes
398008,Favorite Recipes
1531599,Favorite Recipes
1855651,Favorite Recipes
2359221,Favorite Recipes
769354,Favorite Recipes
1714414,2017-01
2159890,2017-01
909867,2017-01
769307,2017-01
1714997,2017-01
909808,2017-01
1715811,2017-01
1714989,2017-01
1716074,2017-01
2023433,2017-01
903130,2017-01
1531584,2017-02
2023151,2017-02
1531561,2017-02
1532408,2017-02
1715304,2017-02
1532453,2017-02
1532409,2017-02
1715811,2017-02
1164089,2017-03
1635114,2017-03
1048199,2017-08
769694,2017-08
1635112,2017-08
1531586,2017-08
937764,2017-08
377500,2017-08
1855630,2017-09
377465,2017-09
377464,2017-09
1666917,2017-09
1855629,2017-09
1852863,2017-09
1524554,2017-09
1524735,2017-09
1852578,2017-09
1852598,2017-09
1062080,2017-09
1852968,2017-09
25106,2017-09
1852726,2017-09
36483,2017-09
2159990,2017-09
1524544,2017-09
1524474,2017-09
1855730,2017-09
928856,2017-10
928929,2017-10
929144,2017-10
929169,2017-10
1852578,2017-10
377418,2017-10
1852598,2017-10
1852726,2017-10
1875557,2017-10
455410,2017-10
1855794,2017-10
929185,2017-10
1341688,2017-10
1852603,2017-10
1532411,2017-10
455342,2017-10
1524750,2017-10
1855651,2017-10
938123,2017-10
928944,2017-10
928856,2017-11
928932,2017-11
928899,2017-11
928933,2017-11
1856130,2017-11
1856083,2017-11
2440060,2017-11
1855636,2017-11
1520737,2017-11
928893,2017-11
1856110,2017-11
928915,2017-11
1855641,2017-11
1715811,2017-11
929146,2017-11
2351132,2017-11
377500,2017-11
1531552,2017-12
1531937,2017-12
1855632,2017-12
1855616,2017-12
2023132,2017-12
1532448,2017-12
929067,2017-12
1531879,2017-12
1715811,2017-12
1714411,2017-12
1533061,2017-12
974091,2017-12
1856074,2017-12
1531981,2018-01
1860750,2018-01
1866416,2018-01
1866068,2018-01
1866204,2018-01
1866176,2018-01
1531898,2018-01
1866693,2018-01
1855743,2018-01
1865626,2018-01
1866141,2018-01
1866060,2018-01
1861120,2018-01
929511,2018-01
1860747,2018-01
1884852,2018-01
230859,2018-01
1862006,2018-01
1860751,2018-01
1860755,2018-01
36482,2018-01
1866177,2018-01
455373,2018-01
1866061,2018-01
1861126,2018-01
1374179,2018-02
1531548,2018-02
1861119,2018-02
1866416,2018-02
1855802,2018-02
1866208,2018-02
1531923,2018-02
1866433,2018-02
1532408,2018-02
1855647,2018-02
2163847,2018-02
1635115,2018-02
1532412,2018-02
1532415,2018-02
1531599,2018-02
398005,2018-02
1524933,2018-03
1531937,2018-03
1524554,2018-03
1531898,2018-03
1524505,2018-03
1866411,2018-03
1866421,2018-03
2159735,2018-03
1343040,2018-03
1343134,2018-03
1524750,2018-03
1855770,2018-03
929061,2018-03
1856135,2018-03
1518261,2018-04
1866433,2018-04
1866070,2018-04
1517778,2018-04
1518497,2018-04
1531962,2018-04
1866060,2018-04
929505,2018-04
1716894,2018-04
1343154,2018-04
1518512,2018-04
1518296,2018-04
929144,2018-05
1374186,2018-05
1518510,2018-05
1518288,2018-05
1513386,2018-05
1866176,2018-05
1518509,2018-05
1517847,2018-05
1962057,2018-05
1866207,2018-05
1716071,2018-05
1962056,2018-05
1866421,2018-05
1513383,2018-05
377503,2018-05
1374185,2018-05
1343040,2018-05
1518296,2018-05
1354161,2018-06
1714821,2018-06
1989708,2018-06
1852710,2018-06
1219670,2018-06
1987170,2018-06
1715342,2018-06
1531962,2018-06
398033,2018-06
25106,2018-06
1866060,2018-06
1518304,2018-06
1518302,2018-06
1218753,2018-06
936415,2018-06
1866061,2018-06
1524757,2018-06
1353547,2018-07
2043729,2018-07
1353526,2018-07
1354144,2018-07
1855650,2018-07
36504,2018-07
455361,2018-07
36487,2018-07
2043744,2018-07
1987159,2018-07
398104,2018-07
455314,2018-07
1987164,2018-07
929182,2018-07
455306,2018-07
2043470,2018-07
1353510,2018-07
1354166,2018-07
455342,2018-07
1353521,2018-07
377459,2018-07
1354159,2018-07
2023435,2018-07
455382,2018-08
928949,2018-08
36504,2018-08
1509873,2018-08
2159653,2018-08
1353943,2018-08
1354139,2018-08
455275,2018-08
455364,2018-08
1852578,2018-08
1987170,2018-08
1852598,2018-08
455295,2018-08
377512,2018-08
455375,2018-08
455350,2018-08
1855635,2018-08
1856082,2018-08
1374367,2018-08
1353564,2018-08
1353523,2018-08
455296,2018-08
1533065,2018-08
1353525,2018-08
938123,2018-08
593073,2018-08
455282,2018-08
2023127,2018-08
2014699,2018-09
2023114,2018-09
2014700,2018-09
2023108,2018-09
2023463,2018-09
2023246,2018-09
2023197,2018-09
1353505,2018-09
2023419,2018-09
2023124,2018-09
455361,2018-09
2023244,2018-09
1866433,2018-09
2023132,2018-09
2023259,2018-09
1987170,2018-09
2023453,2018-09
2023235,2018-09
928938,2018-09
1354145,2018-09
455369,2018-09
2023461,2018-09
2023260,2018-09
2023258,2018-09
1353493,2018-09
1855635,2018-09
1715314,2018-09
1218753,2018-09
2023134,2018-09
2023245,2018-09
2023223,2018-09
928849,2018-09
2023413,2018-09
1513359,2018-09
1353479,2018-09
2023403,2018-09
2023233,2018-09
2023152,2018-09
2012503,2018-09
2014693,2018-10
2023113,2018-10
2015391,2018-10
2023213,2018-10
2023176,2018-10
1855766,2018-10
2023115,2018-10
2023132,2018-10
1524735,2018-10
1353487,2018-10
2023109,2018-10
2023151,2018-10
2015072,2018-10
455314,2018-10
1856073,2018-10
2014691,2018-10
2023185,2018-10
2015891,2018-10
2023256,2018-10
2023134,2018-10
2023229,2018-10
2023223,2018-10
2023413,2018-10
1524753,2018-10
2023254,2018-10
455342,2018-10
1524750,2018-10
455279,2018-10
1855651,2018-10
2015064,2018-10
455298,2018-10
2023252,2018-11
1856076,2018-11
2023417,2018-11
2023246,2018-11
36487,2018-11
1353527,2018-11
398033,2018-11
2023134,2018-11
2023406,2018-11
2023412,2018-11
2023239,2018-11
769354,2018-11
2023213,2018-12
1855802,2018-12
1860596,2018-12
1531937,2018-12
1715301,2018-12
2023151,2018-12
1856159,2018-12
2023134,2018-12
2015060,2018-12
1517787,2018-12
1343040,2018-12
25244,2018-12
2023239,2018-12
2023231,2019-01
377469,2019-01
2023409,2019-01
2079233,2019-01
1524735,2019-01
2023154,2019-01
1103663,2019-01
926632,2019-01
2023256,2019-01
866276,2019-01
1524542,2019-01
1354166,2019-01
1353953,2019-01
1524550,2019-01
1353542,2019-01
1084435,2019-01
1518514,2019-02
1354140,2019-02
398015,2019-02
929169,2019-02
398118,2019-02
1509690,2019-02
1866421,2019-02
398037,2019-02
1532406,2019-02
1343040,2019-02
398049,2019-02
1517766,2019-02
2023169,2019-02
455469,2019-02
398035,2019-02
1976658,2019-02
398090,2019-02
1354141,2019-03
2113800,2019-03
2110046,2019-03
928932,2019-03
1866416,2019-03
398100,2019-03
36487,2019-03
1866433,2019-03
1518509,2019-03
398118,2019-03
1353527,2019-03
1962056,2019-03
25064,2019-03
1866421,2019-03
398059,2019-03
398056,2019-03
1353956,2019-03
1866201,2019-03
1843942,2019-03
929067,2019-03
2015408,2019-03
2023412,2019-03
909808,2019-03
1517879,2019-03
398041,2019-03
398049,2019-03
1353521,2019-03
928944,2019-03
1354163,2019-04
2023249,2019-04
377468,2019-04
2121551,2019-04
2159892,2019-04
1852598,2019-04
929155,2019-04
398033,2019-04
2023185,2019-04
2023406,2019-04
2023215,2019-04
1354166,2019-04
2023123,2019-04
1855728,2019-05
2138928,2019-05
1354161,2019-05
1532452,2019-05
2023417,2019-05
1531896,2019-05
377464,2019-05
398094,2019-05
377409,2019-05
1518286,2019-05
398112,2019-05
398104,2019-05
2023462,2019-05
1866060,2019-05
2023464,2019-05
2116542,2019-05
377463,2019-05
398117,2019-05
2023242,2019-05
398056,2019-05
398041,2019-05
1353535,2019-05
398032,2019-05
398035,2019-05
1354182,2019-05
2023113,2019-06
1354163,2019-06
2023114,2019-06
1353959,2019-06
1860596,2019-06
2023124,2019-06
2023133,2019-06
2023132,2019-06
2023154,2019-06
2023109,2019-06
455314,2019-06
398084,2019-06
2023241,2019-06
1860611,2019-06
2023242,2019-06
2023406,2019-06
1353564,2019-06
2023233,2019-06
2023408,2019-06
1353521,2019-06
1715794,2019-06
1354162,2019-06
2023252,2019-07
1862009,2019-07
398080,2019-07
2181440,2019-07
398033,2019-07
1353956,2019-07
2023406,2019-07
1354166,2019-07
1343040,2019-07
1860771,2019-07
1353535,2019-07
1855623,2019-08
398015,2019-08
398062,2019-08
928891,2019-08
398097,2019-08
929521,2019-08
377477,2019-08
1855616,2019-08
398116,2019-08
377393,2019-08
2023421,2019-08
2159892,2019-08
398060,2019-08
2182806,2019-08
929145,2019-08
929182,2019-08
2180481,2019-08
929464,2019-08
2180288,2019-08
2205324,2019-08
2180466,2019-08
2206183,2019-08
2182815,2019-08
1354131,2019-08
1354166,2019-08
398007,2019-08
1034181,2019-08
398101,2019-08
1353563,2019-08
2023433,2019-08
2206188,2019-08
1354159,2019-08
929513,2019-08
2182825,2019-09
1343116,2019-09
929137,2019-09
2023124,2019-09
2205924,2019-09
398111,2019-09
1866207,2019-09
398112,2019-09
1855677,2019-09
398052,2019-09
1715300,2019-09
25281,2019-09
2181149,2019-09
2205324,2019-09
398042,2019-09
398059,2019-09
398037,2019-09
1343040,2019-09
1855626,2019-09
2182828,2019-09
2182831,2019-09
398008,2019-09
1531599,2019-09
929473,2019-09
1343152,2019-09
398005,2019-09
2023252,2019-10
2185137,2019-10
2180443,2019-10
2023420,2019-10
1163735,2019-10
2023236,2019-10
2205923,2019-10
2185119,2019-10
2023430,2019-10
2184664,2019-10
1034181,2019-10
1163723,2019-10
2205920,2019-10
2023232,2019-10
2184661,2019-11
928932,2019-11
2023249,2019-11
592602,2019-11
398110,2019-11
1861125,2019-11
1866204,2019-11
1856091,2019-11
2023242,2019-11
284623,2019-11
2023215,2019-11
2023223,2019-11
929519,2019-11
1855785,2019-11
1856074,2019-11
2185139,2019-12
2182832,2019-12
2199859,2019-12
2023409,2019-12
398097,2019-12
2224082,2019-12
1855676,2019-12
1277048,2019-12
398104,2019-12
2184999,2019-12
2138868,2019-12
2185108,2019-12
2185125,2019-12
398101,2019-12
2073536,2019-12
1855651,2019-12
398035,2019-12
2180303,2019-12
2174562,2020-01
2175137,2020-01
652094,2020-01
377469,2020-01
1518595,2020-01
652541,2020-01
2023409,2020-01
2184668,2020-01
2174589,2020-01
1855676,2020-01
2174559,2020-01
377383,2020-01
1856147,2020-01
1511208,2020-01
2207955,2020-01
651450,2020-01
2174812,2020-01
929543,2020-01
2175130,2020-01
398024,2020-01
2023185,2020-01
2174577,2020-01
651254,2020-01
2174603,2020-01
2023242,2020-01
651964,2020-01
2159391,2020-01
652043,2020-01
651748,2020-01
2023215,2020-01
653898,2020-01
651273,2020-01
653895,2020-01
2174544,2020-01
2174526,2020-01
2174827,2020-01
2073536,2020-01
2023169,2020-01
652357,2020-01
652350,2020-01
2023250,2020-02
2175134,2020-02
929150,2020-02
2174542,2020-02
2207388,2020-02
377475,2020-02
651626,2020-02
652215,2020-02
2023419,2020-02
651262,2020-02
2207391,2020-02
652140,2020-02
377499,2020-02
2211652,2020-02
2174589,2020-02
2180320,2020-02
2182300,2020-02
2249628,2020-02
2174566,2020-02
1353527,2020-02
377501,2020-02
2208291,2020-02
651278,2020-02
1452575,2020-02
2174816,2020-02
2208298,2020-02
1564462,2020-02
2174546,2020-02
2159394,2020-02
2023242,2020-02
284623,2020-02
2175132,2020-02
2175161,2020-02
2185336,2020-02
2207932,2020-02
1343040,2020-02
1354148,2020-02
2174601,2020-02
2174520,2020-02
2174531,2020-02
2208293,2020-02
2174832,2020-03
1866416,2020-03
1353959,2020-03
1354146,2020-03
1354134,2020-03
2023132,2020-03
2211652,2020-03
1353480,2020-03
651504,2020-03
2174532,2020-03
1353980,2020-03
398088,2020-03
1245989,2020-03
1244663,2020-03
1245543,2020-03
2174587,2020-03
2175127,2020-03
652529,2020-03
398033,2020-03
2175178,2020-03
651234,2020-03
1354187,2020-03
651428,2020-03
398042,2020-03
2175153,2020-03
1374191,2020-03
2175165,2020-03
1860601,2020-03
398045,2020-03
398037,2020-03
1245910,2020-03
2185136,2020-03
1353501,2020-03
2174815,2020-03
398008,2020-03
651391,2020-03
1531599,2020-03
2174824,2020-03
2174598,2020-03
2205326,2020-04
1354161,2020-04
2023252,2020-04
2142792,2020-04
2205583,2020-04
2023189,2020-04
2023132,2020-04
2174559,2020-04
2159892,2020-04
1243461,2020-04
1715342,2020-04
1245642,2020-04
2205903,2020-04
2023236,2020-04
652168,2020-04
1867048,2020-04
2142747,2020-04
2023242,2020-04
653951,2020-04
2174563,2020-04
1868080,2020-04
1867027,2020-04
1867652,2020-04
1244356,2020-04
1867520,2020-04
2205562,2020-04
2205568,2020-04
2174565,2020-04
2023412,2020-04
2182309,2020-04
2205588,2020-04
1245541,2020-04
2205564,2020-04
2205325,2020-04
2142886,2020-04
2154012,2020-05
2185137,2020-05
2185103,2020-05
1689169,2020-05
1244376,2020-05
1243941,2020-05
2162056,2020-05
1855802,2020-05
2184676,2020-05
2184678,2020-05
2205918,2020-05
2205586,2020-05
2205924,2020-05
2205574,2020-05
1219813,2020-05
2155244,2020-05
398068,2020-05
1757910,2020-05
1354180,2020-05
2205310,2020-05
1757822,2020-05
2159892,2020-05
1755049,2020-05
1755050,2020-05
2162053,2020-05
1757893,2020-05
2143399,2020-05
1757909,2020-05
1757849,2020-05
1757843,2020-05
398092,2020-05
2206183,2020-05
2184662,2020-05
1754553,2020-05
2143404,2020-05
1757800,2020-05
1757892,2020-05
1757860,2020-05
1867785,2020-05
1243805,2020-05
1509744,2020-05
1215451,2020-06
398021,2020-06
2205925,2020-06
1758724,2020-06
1757842,2020-06
1211423,2020-06
398018,2020-06
398039,2020-06
1757853,2020-06
1709330,2020-06
1755029,2020-06
1855802,2020-06
2275668,2020-06
651379,2020-06
1755044,2020-06
1709425,2020-06
1707250,2020-06
1757844,2020-06
2205901,2020-06
1757900,2020-06
2043738,2020-06
1709441,2020-06
1987170,2020-06
2275576,2020-06
929193,2020-06
1374373,2020-06
1757839,2020-06
2205914,2020-06
1757821,2020-06
1709264,2020-06
398109,2020-06
2205327,2020-06
1757898,2020-06
1689197,2020-06
2205980,2020-06
2023242,2020-06
1757850,2020-06
398114,2020-06
1855764,2020-06
929067,2020-06
2185127,2020-06
2205906,2020-06
2184995,2020-06
2205936,2020-06
1757901,2020-06
2184997,2020-06
398035,2020-06
2205326,2020-07
2276750,2020-07
2276192,2020-07
2276751,2020-07
2276732,2020-07
2276748,2020-07
2277613,2020-07
2276736,2020-07
2277647,2020-07
2205919,2020-07
651303,2020-07
2205585,2020-07
2205319,2020-07
2275577,2020-07
2275584,2020-07
2275580,2020-07
2197079,2020-07
2275587,2020-07
2277622,2020-07
2205973,2020-07
2277633,2020-07
2275598,2020-07
2277654,2020-07
2205938,2020-07
2200411,2020-07
2276200,2020-07
2277592,2020-07
2277645,2020-07
2276758,2020-07
2276756,2020-07
2276219,2020-07
2275579,2020-07
2205588,2020-07
2277539,2020-07
2275651,2020-07
2276725,2020-07
2276757,2020-07
2277652,2020-07
2277628,2020-07
2197078,2020-07
2205303,2020-07
2205322,2020-07
1855728,2020-08
1199097,2020-08
2277630,2020-08
1709433,2020-08
2276741,2020-08
2180312,2020-08
1199114,2020-08
1199098,2020-08
1354151,2020-08
1533067,2020-08
2277616,2020-08
2276747,2020-08
2182821,2020-08
2277605,2020-08
1709966,2020-08
2180317,2020-08
2180477,2020-08
2182809,2020-08
2180473,2020-08
1709426,2020-08
2182837,2020-08
652138,2020-08
2277611,2020-08
651257,2020-08
2180290,2020-08
1199078,2020-08
2277624,2020-08
2359223,2020-09
2359190,2020-09
2359203,2020-09
1354144,2020-09
2359685,2020-09
1184955,2020-09
2359682,2020-09
2359127,2020-09
929193,2020-09
2359188,2020-09
2359689,2020-09
2359683,2020-09
2359219,2020-09
2182809,2020-09
2359736,2020-09
2360057,2020-09
2182301,2020-09
2359678,2020-09
2359221,2020-09
1709982,2020-09
2359691,2020-10
2023228,2020-10
2359679,2020-10
2359770,2020-10
1164086,2020-10
2200409,2020-10
2359183,2020-10
2359881,2020-10
2327363,2020-10
2359121,2020-10
2023242,2020-10
2326193,2020-10
1532983,2020-10
1867657,2020-10
2327370,2020-10
1867711,2020-10
2326040,2020-10
2359782,2020-10
2359690,2020-10
1165344,2020-10
2327381,2020-10
2359221,2020-10
2326043,2020-10
1533026,2020-10
2359765,2020-10
1860745,2020-10
1335504,2020-11
2326205,2020-11
2359754,2020-11
2327367,2020-11
2326910,2020-11
1211439,2020-11
2326386,2020-11
2326049,2020-11
2359185,2020-11
1384898,2020-11
1346001,2020-11
2326899,2020-11
1392429,2020-11
1335507,2020-11
2326029,2020-11
2327343,2020-11
1341688,2020-11
1347010,2020-11
1374191,2020-11
1335505,2020-11
2326040,2020-11
2326032,2020-11
1757856,2020-11
2326369,2020-11
2359221,2020-11
2326378,2020-12
2275656,2020-12
2276730,2020-12
2326039,2020-12
2326187,2020-12
2326030,2020-12
1354144,2020-12
1843951,2020-12
1861999,2020-12
2580115,2020-12
2199341,2020-12
455349,2020-12
2205977,2020-12
2276747,2020-12
2327372,2020-12
2326035,2020-12
2580053,2020-12
1855798,2020-12
2359887,2020-12
2580033,2020-12
2580616,2020-12
2277620,2020-12
2023242,2020-12
2196887,2020-12
1341688,2020-12
1354166,2020-12
1533013,2020-12
1347032,2020-12
2326199,2020-12
398002,2020-12
2277631,2020-12
2359216,2020-12
2359221,2020-12
2275586,2020-12
2359224,2020-12
2277538,2021-01
377469,2021-01
1855802,2021-01
2327367,2021-01
2199341,2021-01
398103,2021-01
2207834,2021-01
2326895,2021-01
651935,2021-01
653869,2021-01
652039,2021-01
839669,2021-01
2276718,2021-01
398099,2021-01
2326381,2021-01
839023,2021-01
398064,2021-01
1855770,2021-01
1533026,2021-01
652158,2021-01
2276216,2021-01
1757841,2021-02
2154012,2021-02
2152238,2021-02
1369358,2021-02
1335511,2021-02
1392437,2021-02
2580495,2021-02
1856091,2021-02
2326897,2021-02
929475,2021-02
1369331,2021-02
2023132,2021-02
2154322,2021-02
1852892,2021-02
839142,2021-02
1856145,2021-02
1855798,2021-02
1509690,2021-02
1384910,2021-02
2327343,2021-02
2182809,2021-02
2207356,2021-02
1709598,2021-02
1533028,2021-02
1347032,2021-02
2326042,2021-02
1384913,2021-02
1757856,2021-02
2207849,2021-02
2154003,2021-02
1533026,2021-02
1384908,2021-02
2326201,2021-02
2208293,2021-02
929194,2021-03
2023114,2021-03
1685097,2021-03
1532452,2021-03
652553,2021-03
1686312,2021-03
2200409,2021-03
2023132,2021-03
398068,2021-03
1683210,2021-03
2197101,2021-03
2200413,2021-03
1685099,2021-03
1684656,2021-03
1843954,2021-03
1681124,2021-03
1244659,2021-03
769253,2021-03
1685092,2021-03
1855726,2021-03
1681151,2021-03
2205904,2021-03
1686303,2021-03
1532983,2021-03
1710311,2021-03
1681160,2021-03
2205562,2021-03
1843947,2021-03
1533013,2021-03
1709956,2021-03
1866206,2021-03
1709471,2021-03
2205934,2021-03
1243502,2021-03
1681119,2021-03
1843600,2021-03
1686299,2021-04
1686295,2021-04
1685097,2021-04
1757853,2021-04
652553,2021-04
2199341,2021-04
2200409,2021-04
1681129,2021-04
2159653,2021-04
2484407,2021-04
2159892,2021-04
2484394,2021-04
1686068,2021-04
1686297,2021-04
1684668,2021-04
1686308,2021-04
1685654,2021-04
2484339,2021-04
1683212,2021-04
1685649,2021-04
1685094,2021-04
1685093,2021-04
1685648,2021-04
2484303,2021-04
1855668,2021-04
2484340,2021-05
2484403,2021-05
2484308,2021-05
652553,2021-05
1855802,2021-05
2484341,2021-05
929468,2021-05
2159653,2021-05
36487,2021-05
2023132,2021-05
2484326,2021-05
2484346,2021-05
2484286,2021-05
2484319,2021-05
2484389,2021-05
1374191,2021-05
2182809,2021-05
1685091,2021-05
2484345,2021-05
2484274,2021-05
2484327,2021-05
2484288,2021-05
2484325,2021-05
2484343,2021-05
2484335,2021-05
2206177,2021-05
2484313,2021-05
2484305,2021-06
2359223,2021-06
2484333,2021-06
2484403,2021-06
377469,2021-06
2277613,2021-06
2019594,2021-06
929468,2021-06
2484404,2021-06
2206176,2021-06
2484407,2021-06
2484317,2021-06
2484344,2021-06
1686297,2021-06
2018590,2021-06
2484338,2021-06
2019552,2021-06
1683855,2021-06
2023185,2021-06
2484278,2021-06
2018576,2021-06
2359697,2021-06
2019527,2021-06
2205562,2021-06
1686061,2021-06
1533013,2021-06
2484279,2021-06
2484291,2021-06
2484288,2021-06
1531599,2021-06
2484267,2021-06
2359221,2021-06
2359904,2021-06
2484328,2021-06
1856079,2021-07
652315,2021-07
2023252,2021-07
2184661,2021-07
2477668,2021-07
2019639,2021-07
1852598,2021-07
2018565,2021-07
2019567,2021-07
455314,2021-07
1635250,2021-07
2182819,2021-07
1710311,2021-07
2019530,2021-07
2019544,2021-07
2019578,2021-07
2180310,2021-07
2018588,2021-07
2326040,2021-07
2019590,2021-07
2484276,2021-07
1635119,2021-07
2180303,2021-07
2478088,2021-08
25354,2021-08
2478509,2021-08
2478503,2021-08
2473741,2021-08
2473742,2021-08
36487,2021-08
2121551,2021-08
2478507,2021-08
2478487,2021-08
2477667,2021-08
2474875,2021-08
2477665,2021-08
2478472,2021-08
2473707,2021-08
2478514,2021-08
2473710,2021-08
377478,2021-08
2474395,2021-08
2478468,2021-08
2478502,2021-08
2478086,2021-08
2477673,2021-08
377503,2021-08
2476995,2021-08
2473746,2021-09
1855728,2021-09
2359120,2021-09
200606,2021-09
2473355,2021-09
2474376,2021-09
2023189,2021-09
2478507,2021-09
2174587,2021-09
2473356,2021-09
2473713,2021-09
2359188,2021-09
2277605,2021-09
2473710,2021-09
2475157,2021-09
2473393,2021-09
2473370,2021-09
1163723,2021-09
2360057,2021-09
2359228,2021-09
1163740,2021-09
2478478,2021-09
938139,2021-09
929473,2021-09
2477669,2021-09
1165354,2021-09
2601460,2021-09
2019569,2021-09
2484313,2021-09
2601194,2021-10
2602132,2021-10
2602347,2021-10
2601202,2021-10
2159653,2021-10
2602129,2021-10
2602351,2021-10
2602366,2021-10
2601198,2021-10
2602354,2021-10
2023132,2021-10
2602159,2021-10
2602811,2021-10
2601203,2021-10
2602368,2021-10
2601196,2021-10
2602150,2021-10
2602152,2021-10
2602169,2021-10
769253,2021-10
651254,2021-10
2601490,2021-10
2602355,2021-10
2601200,2021-10
769822,2021-10
2602179,2021-10
2182809,2021-10
2602370,2021-10
2601494,2021-10
2602146,2021-10
2601552,2021-10
2601464,2021-10
2602172,2021-10
2602813,2021-10
2601475,2021-10
2601458,2021-10
2602134,2021-10
2601496,2021-11
2602365,2021-11
2602130,2021-11
2602133,2021-11
2602358,2021-11
2601549,2021-11
2602803,2021-11
2602819,2021-11
2602135,2021-11
377467,2021-11
2602357,2021-11
2602351,2021-11
1532981,2021-11
2602353,2021-11
2602182,2021-11
2602148,2021-11
2602137,2021-11
2602346,2021-11
2182809,2021-11
2601510,2021-11
36541,2021-11
2602158,2021-11
2601466,2021-11
2602345,2021-11
2601497,2021-11
2601486,2021-11
1531599,2021-11
2601481,2021-11
1509752,2021-11
2602809,2021-11
2601469,2021-11
2602821,2021-12
2602348,2021-12
1855728,2021-12
2602347,2021-12
2601477,2021-12
2601580,2021-12
2601559,2021-12
2602154,2021-12
1510037,2021-12
2205977,2021-12
2580491,2021-12
2602808,2021-12
2323858,2021-12
2602354,2021-12
398068,2021-12
2161292,2021-12
2601557,2021-12
2615638,2021-12
2601563,2021-12
1855726,2021-12
1855635,2021-12
2277620,2021-12
2182809,2021-12
2205562,2021-12
2601508,2021-12
1354166,2021-12
2602165,2021-12
2601494,2021-12
2602131,2021-12
2275586,2021-12
1856074,2021-12
769354,2021-12
2601460,2021-12
2328592,2022-01
1855802,2022-01
1946723,2022-01
1855688,2022-01
2124798,2022-01
2602129,2022-01
2010438,2022-01
2023132,2022-01
2432330,2022-01
2481915,2022-01
2633602,2022-01
1958200,2022-01
2189268,2022-01
2395142,2022-01
2037085,2022-01
2052844,2022-01
1619660,2022-01
2076442,2022-01
2129605,2022-01
2246625,2022-01
2147931,2022-02
2193947,2022-02
2130886,2022-02
2205583,2022-02
2130991,2022-02
2135662,2022-02
1855766,2022-02
2319038,2022-02
2432330,2022-02
2147946,2022-02
2130900,2022-02
2174587,2022-02
2615638,2022-02
1710309,2022-02
455375,2022-02
2130975,2022-02
2602817,2022-02
2185603,2022-02
2130888,2022-02
2412624,2022-02
2130986,2022-02
1533070,2022-02
2277652,2022-02
2135673,2022-02
2130887,2022-02
2133181,2022-02
2135690,2022-02
1532982,2022-02
1354158,2022-02
2133200,2022-03
2389333,2022-03
2129737,2022-03
2131113,2022-03
398112,2022-03
2131114,2022-03
2183888,2022-03
2130898,2022-03
2152389,2022-03
2132171,2022-03
2133195,2022-03
2133187,2022-03
2132190,2022-03
2484288,2022-03
2130890,2022-03
2110039,2022-04
2484341,2022-04
36511,2022-04
2205924,2022-04
2484326,2022-04
1755028,2022-04
2484317,2022-04
2205327,2022-04
2602152,2022-04
2023242,2022-04
2023406,2022-04
2131117,2022-04
1855770,2022-04
2205564,2022-04
2484335,2022-04
2205322,2022-04
1757815,2022-05
1384898,2022-05
1392429,2022-05
1384903,2022-05
2200411,2022-05
1369416,2022-05
455369,2022-05
1757849,2022-05
455410,2022-05
1347010,2022-05
2205562,2022-05
1757801,2022-05
2205920,2022-05
2197078,2022-05
1335504,2022-06
1757900,2022-06
1716071,2022-06
2473375,2022-06
2474395,2022-06
2478474,2022-06
2477673,2022-06
2476990,2022-06
2474382,2022-06
2359221,2022-06
2478088,2022-07
2478500,2022-07
36487,2022-07
2477667,2022-07
2189268,2022-07
2478086,2022-07
2152389,2022-07
2799431,2022-08
2799288,2022-08
2799300,2022-08
2799281,2022-08
2799229,2022-08
2799422,2022-08
2799063,2022-08
2799681,2022-08
36487,2022-08
2799228,2022-08
2811539,2022-08
2809690,2022-08
2799447,2022-08
2799090,2022-08
2799099,2022-08
2799064,2022-08
2799389,2022-08
2799269,2022-08
2799264,2022-08
2799428,2022-08
2799275,2022-08
1533065,2022-08
2811579,2022-08
2813021,2022-08
2813012,2022-08
2799242,2022-08
2866117,2022-09
2799440,2022-09
1245335,2022-09
2810326,2022-09
2799283,2022-09
2866147,2022-09
2811536,2022-09
2865603,2022-09
36487,2022-09
652165,2022-09
2811586,2022-09
769368,2022-09
2799096,2022-09
2473710,2022-09
2865861,2022-09
651257,2022-09
1856139,2022-09
2866515,2022-09
2866023,2022-10
2811558,2022-10
2799419,2022-10
2811572,2022-10
2023213,2022-10
2865600,2022-10
2810326,2022-10
2799384,2022-10
2799233,2022-10
2811574,2022-10
2858475,2022-10
2799265,2022-10
2865596,2022-10
2858479,2022-10
2865620,2022-10
2813015,2022-10
2865911,2022-10
2811582,2022-10
769822,2022-10
1374191,2022-10
2182809,2022-10
2865574,2022-10
2812934,2022-10
2813010,2022-10
2865599,2022-10
2813021,2022-10
1855651,2022-10
2812940,2022-10
2870611,2022-11
1335511,2022-11
2870656,2022-11
377477,2022-11
2870610,2022-11
2799079,2022-11
2799387,2022-11
2799084,2022-11
2799070,2022-11
2799435,2022-11
2799395,2022-11
2865630,2022-11
2870658,2022-11
2865854,2022-11
2359221,2022-11
1533026,2022-11
2602813,2022-11
1866416,2022-12
2870686,2022-12
2870674,2022-12
2602152,2022-12
1532983,2022-12
1354166,2022-12
2858493,2022-12
2870626,2022-12
2870666,2023-01
2870625,2023-01
2870675,2023-01
2870656,2023-01
1866208,2023-01
2870610,2023-01
377409,2023-01
2858486,2023-01
1865609,2023-01
377478,2023-01
2865862,2023-01
2870671,2023-01
2870643,2023-01
2865579,2023-01
377455,2023-01
1865613,2023-01
1866190,2023-01
2870677,2023-02
2870679,2023-02
2865630,2023-02
2611301,Ottolenghi Guardian Book
2110039,Ottolenghi Guardian Book
2208638,Ottolenghi Guardian Book
1619667,Ottolenghi Guardian Book
2460410,Ottolenghi Guardian Book
1998472,Ottolenghi Guardian Book
2126737,Ottolenghi Guardian Book
2279292,Ottolenghi Guardian Book
2497760,Ottolenghi Guardian Book
1619662,Ottolenghi Guardian Book
1716452,Ottolenghi Guardian Book
2389337,Ottolenghi Guardian Book
2172865,Ottolenghi Guardian Book
2557601,Ottolenghi Guardian Book
2176143,Ottolenghi Guardian Book
2328592,Ottolenghi Guardian Book
2001039,Ottolenghi Guardian Book
2082156,Ottolenghi Guardian Book
2235420,Ottolenghi Guardian Book
1714662,Ottolenghi Guardian Book
2142341,Ottolenghi Guardian Book
2449327,Ottolenghi Guardian Book
2193947,Ottolenghi Guardian Book
2557600,Ottolenghi Guardian Book
2098169,Ottolenghi Guardian Book
2400208,Ottolenghi Guardian Book
2218489,Ottolenghi Guardian Book
2543117,Ottolenghi Guardian Book
2040513,Ottolenghi Guardian Book
2183890,Ottolenghi Guardian Book
2181279,Ottolenghi Guardian Book
2530531,Ottolenghi Guardian Book
2502001,Ottolenghi Guardian Book
2249626,Ottolenghi Guardian Book
1619661,Ottolenghi Guardian Book
1619664,Ottolenghi Guardian Book
1559709,Ottolenghi Guardian Book
2043779,Ottolenghi Guardian Book
2208664,Ottolenghi Guardian Book
1828080,Ottolenghi Guardian Book
2170943,Ottolenghi Guardian Book
2468022,Ottolenghi Guardian Book
2474488,Ottolenghi Guardian Book
1946723,Ottolenghi Guardian Book
2124798,Ottolenghi Guardian Book
2085564,Ottolenghi Guardian Book
2030867,Ottolenghi Guardian Book
2355205,Ottolenghi Guardian Book
2409200,Ottolenghi Guardian Book
2505956,Ottolenghi Guardian Book
2449331,Ottolenghi Guardian Book
2323858,Ottolenghi Guardian Book
2378650,Ottolenghi Guardian Book
1949271,Ottolenghi Guardian Book
2010438,Ottolenghi Guardian Book
2043780,Ottolenghi Guardian Book
1919733,Ottolenghi Guardian Book
1612778,Ottolenghi Guardian Book
2185605,Ottolenghi Guardian Book
2319038,Ottolenghi Guardian Book
2382134,Ottolenghi Guardian Book
2432330,Ottolenghi Guardian Book
2176141,Ottolenghi Guardian Book
2607651,Ottolenghi Guardian Book
2481915,Ottolenghi Guardian Book
2389333,Ottolenghi Guardian Book
2319037,Ottolenghi Guardian Book
2052847,Ottolenghi Guardian Book
2190723,Ottolenghi Guardian Book
2161292,Ottolenghi Guardian Book
1955462,Ottolenghi Guardian Book
2133898,Ottolenghi Guardian Book
1949266,Ottolenghi Guardian Book
2001046,Ottolenghi Guardian Book
2255408,Ottolenghi Guardian Book
2367736,Ottolenghi Guardian Book
2034011,Ottolenghi Guardian Book
2230418,Ottolenghi Guardian Book
1827555,Ottolenghi Guardian Book
2478072,Ottolenghi Guardian Book
1605902,Ottolenghi Guardian Book
2412620,Ottolenghi Guardian Book
2630163,Ottolenghi Guardian Book
2047857,Ottolenghi Guardian Book
2530529,Ottolenghi Guardian Book
1739682,Ottolenghi Guardian Book
2595372,Ottolenghi Guardian Book
2395143,Ottolenghi Guardian Book
2293169,Ottolenghi Guardian Book
2047859,Ottolenghi Guardian Book
2208663,Ottolenghi Guardian Book
1811167,Ottolenghi Guardian Book
1996450,Ottolenghi Guardian Book
2611302,Ottolenghi Guardian Book
1828073,Ottolenghi Guardian Book
2457068,Ottolenghi Guardian Book
1965619,Ottolenghi Guardian Book
2117642,Ottolenghi Guardian Book
1946727,Ottolenghi Guardian Book
2428521,Ottolenghi Guardian Book
2121552,Ottolenghi Guardian Book
2174634,Ottolenghi Guardian Book
1639919,Ottolenghi Guardian Book
1982715,Ottolenghi Guardian Book
1883996,Ottolenghi Guardian Book
1659528,Ottolenghi Guardian Book
2050536,Ottolenghi Guardian Book
2230424,Ottolenghi Guardian Book
2342458,Ottolenghi Guardian Book
2633602,Ottolenghi Guardian Book
2208665,Ottolenghi Guardian Book
1912465,Ottolenghi Guardian Book
2617466,Ottolenghi Guardian Book
1704220,Ottolenghi Guardian Book
2389336,Ottolenghi Guardian Book
2485528,Ottolenghi Guardian Book
2056252,Ottolenghi Guardian Book
2273455,Ottolenghi Guardian Book
2319039,Ottolenghi Guardian Book
2183888,Ottolenghi Guardian Book
2279295,Ottolenghi Guardian Book
1958200,Ottolenghi Guardian Book
2133904,Ottolenghi Guardian Book
2185603,Ottolenghi Guardian Book
1679506,Ottolenghi Guardian Book
2010444,Ottolenghi Guardian Book
2565963,Ottolenghi Guardian Book
1850772,Ottolenghi Guardian Book
2591861,Ottolenghi Guardian Book
2059144,Ottolenghi Guardian Book
2227685,Ottolenghi Guardian Book
2625097,Ottolenghi Guardian Book
2142339,Ottolenghi Guardian Book
2154949,Ottolenghi Guardian Book
2252175,Ottolenghi Guardian Book
2034008,Ottolenghi Guardian Book
1936523,Ottolenghi Guardian Book
2189268,Ottolenghi Guardian Book
2395142,Ottolenghi Guardian Book
2550340,Ottolenghi Guardian Book
2621381,Ottolenghi Guardian Book
2063025,Ottolenghi Guardian Book
1619656,Ottolenghi Guardian Book
2530530,Ottolenghi Guardian Book
2571324,Ottolenghi Guardian Book
2019645,Ottolenghi Guardian Book
2315963,Ottolenghi Guardian Book
2107339,Ottolenghi Guardian Book
2271064,Ottolenghi Guardian Book
2059145,Ottolenghi Guardian Book
2037085,Ottolenghi Guardian Book
2052844,Ottolenghi Guardian Book
1619660,Ottolenghi Guardian Book
2559148,Ottolenghi Guardian Book
2294998,Ottolenghi Guardian Book
1619653,Ottolenghi Guardian Book
1955471,Ottolenghi Guardian Book
2258445,Ottolenghi Guardian Book
2215741,Ottolenghi Guardian Book
2412624,Ottolenghi Guardian Book
2367742,Ottolenghi Guardian Book
2546132,Ottolenghi Guardian Book
2442785,Ottolenghi Guardian Book
1704218,Ottolenghi Guardian Book
2129606,Ottolenghi Guardian Book
2152389,Ottolenghi Guardian Book
2395144,Ottolenghi Guardian Book
2268398,Ottolenghi Guardian Book
2027602,Ottolenghi Guardian Book
1965617,Ottolenghi Guardian Book
1916212,Ottolenghi Guardian Book
2321486,Ottolenghi Guardian Book
2208629,Ottolenghi Guardian Book
2076442,Ottolenghi Guardian Book
2591859,Ottolenghi Guardian Book
2129605,Ottolenghi Guardian Book
2246625,Ottolenghi Guardian Book
2023022,Ottolenghi Guardian Book
2400210,Ottolenghi Guardian Book
2173678,Ottolenghi Guardian Book
2363741,Ottolenghi Guardian Book
1976653,Ottolenghi Guardian Book
1619657,Ottolenghi Guardian Book
2241541,Ottolenghi Guardian Book
2227679,Ottolenghi Guardian Book
1933578,Ottolenghi Guardian Book
1994028,Ottolenghi Guardian Book
1998473,Ottolenghi Guardian Book
2158748,Ottolenghi Guardian Book
1920565,Ottolenghi Guardian Book
2543108,Ottolenghi Guardian Book
2005120,Ottolenghi Guardian Book
2154951,Ottolenghi Guardian Book
2079235,Ottolenghi Guardian Book
2442787,Ottolenghi Guardian Book
2268396,Ottolenghi Guardian Book
2052846,Ottolenghi Guardian Book
2580036,Ottolenghi Guardian Book
2546141,Ottolenghi Guardian Book
1612177,Ottolenghi Guardian Book
2104269,Ottolenghi Guardian Book
1834032,Ottolenghi Guardian Book
2040515,Ottolenghi Guardian Book
1896934,Ottolenghi Guardian Book
1828177,Ottolenghi Guardian Book
1716075,pre-2017
769360,pre-2017
769258,pre-2017
769287,pre-2017
377474,pre-2017
377457,pre-2017
377456,pre-2017
377407,pre-2017
769299,pre-2017
769269,pre-2017
377469,pre-2017
377484,pre-2017
769251,pre-2017
377411,pre-2017
377417,pre-2017
1415986,pre-2017
769257,pre-2017
377467,pre-2017
377494,pre-2017
769832,pre-2017
929475,pre-2017
769271,pre-2017
769290,pre-2017
377409,pre-2017
769301,pre-2017
377404,pre-2017
769313,pre-2017
769285,pre-2017
377383,pre-2017
769368,pre-2017
377488,pre-2017
769351,pre-2017
377412,pre-2017
377471,pre-2017
769348,pre-2017
769253,pre-2017
769247,pre-2017
377470,pre-2017
377458,pre-2017
377487,pre-2017
769814,pre-2017
769822,pre-2017
377414,pre-2017
769699,pre-2017
377434,pre-2017
377433,pre-2017
769346,pre-2017
769361,pre-2017
769300,pre-2017
769260,pre-2017
377459,pre-2017
769309,pre-2017
769834,pre-2017
769354,pre-2017
