recipe_id,recipe_name,location
1714414,"Chicken fajitas, smoky dressed aubergines & peppers",Mexico
2159890,Chocolate and raspberry terrine,
909867,Courgette tart with roasted tomato coulis,
769307,Radicchio risotto,
1714997,"Sag aloo korma, sweet potatoes, chard & chickpeas",India
909808,Smoked salmon cheesecake with lemon vodka,
1715811,"Super leek & potato soup, herb, Parmesan & almond toasts",
1714989,"Super salad platter, avo, sweet potatoes, broccoli & beets",
1716074,"Super-quick batch pesto, nuts, Parmesan & loadsa basil",
2023433,Sweet and salty cheesecake with cherries,
903130,Wholemeal loaf,
1531584,Crunchy chicken cutlets,
2023151,Hot charred cherry tomatoes with cold yoghurt,
1531561,Indian-spiced cod,India
1532408,Leek pasta bake,
1715304,"Persian veggie pilaf, saffron, blueberries & borlotti beans",Iran
1532453,Quick coconutty dal,
1532409,Slow-cooker chickpeas with cumin and spinach,
1164089,Chicken & chorizo paella,Spain
1635114,Red beet gnocchi with Parmesan and parsley sauce (Gnocchi aux betteraves rouges avec sauce au Parmesan et au persil),France
1635114,Red beet gnocchi with Parmesan and parsley sauce (Gnocchi aux betteraves rouges avec sauce au Parmesan et au persil),Italy
1048199,Aubergine lasagne,Italy
769694,Little custards flavored with cardamom and vanilla (Petits pots de crème),France
1635112,"Pea risotto with lemon, basil oil, and steamed lobster (Risotto aux petits pois et au citron avec huile au basilic et homard vapeur)",France
1531586,Strapatsada,Greece
937764,"Veggie chilli, crunchy tortilla & avocado salad",Chile
937764,"Veggie chilli, crunchy tortilla & avocado salad",United States of America
377500,White chocolate and raspberry tartlets,
1855630,"""Anzac"" biscuits (aka honey, oat and raisin cookies)",Australia
1855630,"""Anzac"" biscuits (aka honey, oat and raisin cookies)",New Zealand
377465,Apple and olive oil cake with maple icing,
377464,Cheddar and caraway cheese straws,
1666917,Chicken & black bean chowder,United States of America
1666917,Chicken & black bean chowder,Brazil
1855629,Chocolate and peanut butter s'mores,
1852863,Comforting sausage bake,
1524554,"Cosy squash soup, chickpea salad flatbreads",
1524735,"Delicious squash daal, special fried eggs & poppadoms",India
1852578,Easy sausage carbonara,Italy
1852598,Hot-smoked salmon frittata,
1062080,Incredible Sicilian aubergine stew (Caponata),Italy
1852968,Mango rice pudding,
25106,Mughlai chicken,India
1852726,One-pan fabulous fish,
36483,Pizza rustica,Italy
2159990,Spicy chorizo and squash parcels,
1524544,"Super green soup, chickpeas, veg & smoky chorizo",
1524474,"Sweet potato muffins, chilli, cheese & seeds",
1855730,"Tin cake pan part 1 (butternut, honey and almond)",
928856,Baby spinach salad with dates & almonds,Israel
928929,Basmati rice & orzo,Israel
929144,Beef meatballs with broad beans & lemon,Israel
929169,Cod cakes in tomato sauce,Israel
929169,Cod cakes in tomato sauce,Syria
377418,"Harira (lamb, chickpeas and spinach)",Morocco
1875557,"One-pot orzo with beetroot, thyme and orange",
455410,Pappardelle with butternut and blue cheese,
1855794,Pineapple and star anise chiffon cake,
929185,Red pepper & baked egg galettes,Israel
1341688,Roast pumpkin & spinach lasagne,Italy
1852603,Roast tikka chicken,India
1532411,Slow-cooker Cuban black beans,Cuba
455342,South Indian vegetable curry,India
1524750,"Super squash lasagne, spinach, cottage cheese & seeds",Italy
1855651,Tahini and halva brownies,
938123,"Tasty daal curry, warm tomato salad & naan",India
928944,Watercress & chickpea soup with rose water & ras el hanout,Israel
928932,Barley risotto with marinated feta,Israel
928899,Butternut squash & tahini spread,Israel
928933,"Conchiglie with yoghurt, peas & chilli",Israel
1856130,Hot chocolate and lime puddings,
1856083,Little baked chocolate tarts with tahini and sesame brittle,
2440060,Muhammara,Israel
2440060,Muhammara,Iran
1855636,Not-quite-Bonnie's rugelach,Israel
1520737,Pastitsio,Greece
928893,Roasted cauliflower & hazelnut salad,Israel
1856110,Rolled Pavlova with peaches and blackberries,Australia
1856110,Rolled Pavlova with peaches and blackberries,New Zealand
928915,Sabih,Iraq
928915,Sabih,Israel
1855641,"Saffron, orange and honey madeleines",France
929146,Turkey & zucchini burgers with spring onion & cumin,Israel
2351132,Unbelievable Provençal bake,France
1531552,Cauliflower and cashew nut curry,Thailand
1531552,Cauliflower and cashew nut curry,India
1531937,Chicken and wild rice,
1855632,"Chocolate ""O"" cookies",
1855616,"Cranberry, oat and white chocolate biscuits",
2023132,"Curried lentil, tomato and coconut soup",
1532448,Purple sprouting broccoli with clementine and chilli,
929067,Ruth's stuffed Romano peppers,Israel
1531879,"Split pea soup with chilli, ginger and lime",
1714411,"Super shepherd's pie, smashed neeps & tatties",United Kingdom
1533061,Toasty olive oil granola,
974091,Turkey and sweet leek pie,
1856074,White chocolate cheesecake with cranberry compote,
1531981,"Beef chilli with bourbon, beer and black beans",Chile
1531981,"Beef chilli with bourbon, beer and black beans",United States of America
1860750,"Black-eyed bean salad with diced peppers, spring onions, dill & parsley",Israel
1866416,Bulgar wheat with flaked almonds and nigella seeds,
1866068,Butternut and sweet potato curry,India
1866204,Chicken with red grapes and Marsala,
1866176,Couscous with pine nuts and dill,
1531898,Fish tacos,Mexico
1866693,Ginger and walnut carrot cake,
1855743,Lemon and blackcurrant stripe cake,
1865626,Meatballs with orzo,
1866141,Moroccan vegetable pot,Morocco
1866060,Mung bean dal with mint and coriander raita,India
1861120,Orzo & tomato salad with capers & Kalamata olives,Israel
929511,Quick Calabrian lasagne,Italy
1860747,Roasted cod loins with wild thyme & pul biber,Israel
1884852,Savoury Gruyere and pumpkin pie,
230859,Slow-roasted garlic and lemon chicken,
1862006,Spicy beef noodles with green beans,Israel
1860751,"Spicy chickpea, harissa & cheddar pittas",Israel
1860755,Spicy halloumi salad with tomatoes & fried bread,Israel
36482,Supper onion pie,
1866177,Sweet potato tacos with avocado and coriander sauce and a tomato and pear relish,Mexico
455373,Thai chicken noodle soup,Thailand
1866061,Turmeric rice with cardamom and cumin,India
1861126,Yogurt & harissa marinated chicken,Israel
1374179,Beetroot houmous with za'atar sprinkle,Israel
1531548,Brocamole,
1861119,"Brown rice salad with olives, preserved lemons & apricots",Israel
1855802,Celebration cake,
1866208,Chicken barley,
1531923,Chicken Cosima,
1866433,Cumberland sausage with apples and onions,
1855647,Lemon and raspberry cupcakes,
2163847,Pea and leek soup with basil oil,
1635115,Saffron-flavored carrot risotto with bay scallops and pistachios (Risotto à la carotte et au safran avec coquilles St. Jacques et pistaches),France
1532412,Slow-cooker beef and Guinness stew with prunes and black treacle,
1532415,Slow-cooker Moroccan chicken stew,Morocco
1531599,Sweet potato macaroni cheese,
398005,Two-potato vindaloo,India
1524933,"Chicken & squash cacciatore, mushrooms, tomatoes, olives, bread",Italy
1524505,"Happiness pasta, sweet tomato, aubergine & ricotta",
1866411,Lamb kofta with garlic sauce,Italy
1866421,"Pork with prunes, olives and capers",
2159735,Roasted garlic herb twist,
1343040,Snake-like börek (Ispanaklı börek),Turkey
1343134,Stewed chickpeas (Nohut yemeği),Turkey
1855770,Take-home chocolate cake,
929061,Turnip & veal 'cake',Israel
1856135,Yoghurt panna cotta with basil and crushed strawberries,Italy
1518261,Black-eyed beans with chard and green herb smash,
1866070,Garlic and Parmesan mash,
1517778,Gently spiced sweet potato and quinoa bowls,
1518497,Lentil ragù,Italy
1531962,Massaman beef curry,Thailand
929505,Pasta with courgettes,Italy
1716894,"Ratatouille pie, filo, ricotta, basil & almonds",
1343154,Red lentil and bulgur soup (Mercimek çorbası),Turkey
1518512,"Roasted coconut, lime and tamarind curry",Asia
1518296,Spinach and lemon polpette,Italy
1374186,Braised peas and carrots with mint butter,
1518510,Butternut and cannellini gratin,
1518288,Charred mushroom and cashew pizza,
1513386,"Cheese, ham & chive tart",
1518509,Frying pan squash and cavolo nero pie,
1517847,Green pea and coconut soup,
1962057,Herby cabbage and potato gratin with Gruyère and ricotta,
1866207,Indian-spiced chicken and potato traybake,India
1716071,"Jumbo fish fingers, golden crispy breadcrumbs",
1962056,Pasta and butternut squash cake,
1513383,Roast vegetable & goat's cheese torte,
377503,Semolina and raspberry tart,
1374185,Shepherd's pie with cheese champ topping,United Kingdom
1374185,Shepherd's pie with cheese champ topping,Ireland
1354161,Baked orzo with mozzarella and oregano,
1714821,"Chopped charred veg salad, couscous, wraps, feta, mint, nuts & seeds",
1989708,Courgette and herb filo pie with feta and cheddar,Greece
1852710,Crazy simple fish pie,
1219670,Goat-herd pie,United Kingdom
1987170,Harissa-spiced savoury cake with tuna,
1715342,"Jool's tuna pasta bake, sweet leeks, fennel & tomatoes",
398033,Mixed vegetable paella,Spain
1518304,Mung bean dhal,India
1518302,Parsnip rösti supper,Switzerland
1218753,"Pork, apple & cider pie",
936415,"Turkish flats, shred salad, feta & herbs",Turkey
1524757,"Veggie ramen, walnut miso, kimchee & fried eggs",South Korea
1353547,Alphonso mango and curried chickpea salad,
2043729,Avocado pasta with peas and mint,
1353526,Brussels sprout risotto,
1354144,Cauliflower cake,
1855650,Chocolate and chestnut powder puffs,
36504,Chocolate macaroons,
455361,Chorizo and chickpea stew,
36487,Courgette and chick pea filo pie,
2043744,Creamy mash with tomato soup,
1987159,Jewelled giant couscous with raisins and lemon,
398104,Lemon and aubergine risotto,
455314,Lemony salmon with cherry tomato couscous,
1987164,Marinated sandwich vegetables,
929182,Marinated sweet & sour fish,Israel
455306,Mexican lasagne with avocado salsa,Mexico
2043470,Niçoise bake,France
1353510,Rice salad with nuts and sour cherries,
1354166,Root vegetable pies,
1353521,Sprouting broccoli and edamame salad with curry leaves and coconut,
377459,Sweet potato galettes,
1354159,Tomato and almond tart,France
2023435,Vanilla custard with roasted strawberries and rhubarb,
455382,Baked egg custard,
928949,Burnt aubergine & mograbieh soup,Israel
1509873,Chocolate stars,Italy
2159653,Coconut macaroon kisses,France
1353943,Courgette 'baba ganoush',Israel
1354139,Crespéou,France
455275,Crustless pizza,
455364,"Curly pasta with feta, spinach, and pine nuts",
455295,Korean keema,South Korea
377512,Lemon curd,
455375,Maple pecan bundt cake,
455350,No-fuss fruit tart,
1855635,Pecan snowballs,
1856082,Rhubarb and blueberry galette,France
1374367,Slow-braised beef cheeks with pappardelle,Italy
1353564,Slow-cooked chickpeas on toast with poached egg,
1353523,Sprouting broccoli with sweet tahini,Japan
455296,Sunshine soup,
1533065,"Sweet potato, black bean and avocado burrito",Mexico
1353525,Tagliatelle with walnuts and lemon,
593073,Tomato and corn pie,
455282,Turkey meatballs in tomato sauce,
2023127,"Watermelon, green apple and lime salad",
2014699,Acquacotta,Italy
2023114,"Beetroot, caraway and goat's cheese bread",
2014700,Borlotti bean soup,Italy
2023108,Braised eggs with leek and za'atar,
2023463,Brunsli chocolate cookies,Switzerland
2023246,"Bulgur with tomato, aubergine and lemon yoghurt",
2023197,Butterbean mash with muhammara,Israel
1353505,"Caramelised fig, orange and feta salad",Spain
2023419,Chilli fish with tahini,
2023124,Chopped salad with tahini and za'atar,
2023244,"Couscous, cherry tomato and herb salad",
2023259,Gigli with chickpeas and za'atar,Italy
2023453,Honey and yoghurt set cheesecake,
2023235,Jacket potatoes with egg and tonnato sauce,
928938,Mejadra,Israel
1354145,Membrillo and Stilton quiche,
455369,My mother's praised chicken,
2023461,"Nutella, sesame and hazelnut rolls",
2023260,"Orzo with prawns, tomato and marinated feta",Italy
2023258,"Pappardelle with rose harissa, black olives and capers",Italy
1353493,"Parsley, lemon and cannellini bean salad",Italy
1715314,"Pork meatballs, sweet onion & apple gravy, bread buns",
2023134,"Pumpkin, saffron and orange soup",
2023245,Puy lentil and aubergine stew,
2023223,Roasted butternut squash with lentils and Dolcelatte,
928849,Roasted sweet potatoes & fresh figs,Israel
2023413,Slow-cooked chicken with a crisp corn crust,
1513359,Somerset apple tarts,United Kingdom
1353479,Sort-of-Waldorf,United States of America
2023403,Spiced 'shepherd's pie' with butterbean crust,United Kingdom
2023403,Spiced 'shepherd's pie' with butterbean crust,Morocco
2023233,Spinach and Gorgonzola-stuffed jacket potatoes,
2023152,"Tomato, chard and spinach with toasted almonds",
2012503,Veggie al forno,Italy
2014693,Amazing sweet peppers,Italy
2023113,Avocado butter on toast with tomato salsa,
2015391,Baked risotto pie,Italy
2023213,Brussels sprouts with burnt butter and black garlic,
2023176,Cavolo nero with chorizo and preserved lemon,
1855766,"Coconut, almond and blueberry cake",
2023115,"Cornbread with cheddar, feta and jalapeño",
1353487,Fig salad,
2023109,Harissa and Manchego omelettes,
2015072,Lasagne,Italy
1856073,Lime meringue cheesecakes,
2014691,Matera salad,Italy
2023185,Mustardy cauliflower cheese,
2015891,Neapolitan pizza base,Italy
2023256,Pasta alla Norma,Italy
2023229,Roasted beetroot with yoghurt and preserved lemon,
1524753,"Smoky veggie feijoada, black beans, squash, peppers & okra",Brazil
2023254,"Soba noodles with lime, cardamom and avocado",Japan
455279,Sweet and sour chicken,China
2015064,Tuna fettuccine,Italy
455298,Vietnamese pork noodle soup,Vietnam
2023252,Baked rice with confit tomatoes and garlic,
1856076,Baked ricotta and hazelnut cheesecake,
2023417,Bridget Jones's pan-fried salmon with pine nut salsa,
1353527,Legume (noodle) soup,Iran
2023406,Ricotta and oregano meatballs,
2023412,Seeded chicken schnitzel,
2023239,Sweet potato chips,
769354,"White lentil soup with chorizo, poached eggs, and paprika cream",
1860596,"Cheddar & feta frittata with peppers, herbs & pul biber",Israel
1715301,"Giant meatballs, sweet tomato & jalapeño sauce",
1856159,Pecan and Prosecco truffles,
2015060,Sausage stracci,Italy
1517787,Smokey pepper and white bean quesadillas,Mexico
25244,South Beach black bean soup,Cuba
2023231,Aromatic olive oil mash,
377469,Carrot and walnut cake,
2023409,Chicken Marbella,United States of America
2079233,Crispy couscous with pumpkin and tomatoes,
2023154,"Fried broccoli and kale with garlic, cumin and lime",
1103663,Griddled vegetables and feta with tabbouleh,
926632,Incredible leftover lasagne,Italy
866276,Pepper & noodle salad,
1524542,"Roasted sweet potatoes, black beans & jalapeño tomato salsa",
1353953,Squash with cardamom and nigella seeds,
1524550,"Tasty veg omelette, raw tomato & chilli sauce",
1353542,Thai red lentil soup with aromatic chilli oil,Thailand
1084435,"Tomato, red wine and chorizo risotto",
1518514,A modern moussaka,Greece
1354140,Aubergine kuku,
398015,Caramelized garlic tart,
398118,Green couscous,
1509690,Malted milk chocolate cake,
398037,Shakshuka,Morocco
1532406,Slow-cooked black treacle ham,
398049,Soba noodles with aubergine and mango,
1517766,Soft green herb omelette,
2023169,"Tenderstem broccoli with soy sauce, garlic and peanuts",
455469,Toad in the hole,
398035,Very full tart,
1976658,Vignole with orzo and lime,Italy
398090,Warm glass noodles and edamame beans,
1354141,Aubergine cheesecake,
2113800,Baked orzo puttanesca,Italy
2110046,"Barley risotto with lemon, spinach and breadcrumbs",
398100,Castelluccio lentils with tomatoes and Gorgonzola,
25064,"Pasta with ham, peas and cream",
398059,Quesadillas,Mexico
398056,Quinoa and grilled sourdough salad,
1353956,Red onions with walnut salsa,
1866201,Roast loin of salmon with Aleppo pepper and fennel seeds,
1843942,Roasted squash with brown rice & halloumi,
2015408,"Sausage, beans & greens",Italy
1517879,Smoky beans and sweet potato hash browns,
398041,Smoky frittata,Italy
1354163,Batata harra,Lebanon
1354163,Batata harra,Syria
2023249,Brown rice with caramelised onions and black garlic,
377468,Caramel and macadamia cheesecake,
2121551,Courgette and chickpea 'meatballs' in tomato sauce,
2159892,Grand strawberry mousse cake,
929155,Lamb shawarma,Israel
2023215,Roasted baby carrots with harissa and pomegranate,
2023123,Tomatoes with sumac onions and pine nuts,
1855728,Apple and olive oil cake with maple frosting,
2138928,Asparagus and ricotta tart with black garlic,
1532452,Braised peas with mustard and vermouth,
1531896,Butternut and halloumi burgers,
398094,Chickpea sauté with Greek yoghurt,
377409,Couscous with dried apricots and butternut squash,Italy
1518286,Grilled avocado barley bowl,
398112,Itamar's bulghar pilaf,Israel
2023462,Mint and pistachio chocolate fridge cake,
2023464,No-churn raspberry ice cream,
2116542,One-pan pasta with harissa Bolognese,Italy
377463,Parmesan and poppy biscuits,
398117,Pasta and fried courgette salad,
2023242,"Pizza bianca with potato, anchovy and sage",
1353535,Spicy chickpea and bulgar soup,
398032,Tamara's ratatouille,France
1354182,Walnut and halva cake,Israel
1353959,Carrot and mung bean salad,
2023133,"Courgette, pea and basil soup",
398084,Mee goreng,Malaysia
2023241,New potatoes with peas and coriander,
1860611,Pea pastizzi,Israel
1860611,Pea pastizzi,Malta
2023408,Spring roast chicken with preserved lemon,
1715794,"Super greens cannelloni, creamy ricotta & basil sauce",
1354162,Taleggio and spinach roulade,
1862009,"Freekeh, tomato & chickpea pilaf",Israel
398080,Green gazpacho,Spain
2181440,Grilled tomatoes and onions with feta-harissa pine nuts,Israel
1860771,"Spiced green bean & tomato stew with labneh, harissa oil & scorched peanuts",Israel
1855623,Amaretti with honey and orange blossom,Italy
398062,Chard and saffron omelettes,
928891,Chermoula aubergine with bulgar & yoghurt,Israel
398097,"Chickpea, tomato and bread soup",Italy
929521,Chilli crab risotto,Italy
377477,Chocolate cupcakes,
398116,Crunchy pappardelle,
377393,"Fennel, cherry tomato and crumble gratin",Italy
2023421,"Fishcake tacos with mango, lime and cumin yoghurt",Mexico
398060,Herb-stuffed tomatoes,
2182806,Indian-style chip butty,India
929145,"Lamb meatballs with barberries, yoghurt & herbs",Israel
2180481,Masala stuffed peppers,India
929464,Muhallabieh,Israel
2180288,My cauliflower tikka masala,United Kingdom
2205324,"Pumpkin, bulgur wheat and raisin pie (Kolokythopita)",Cyprus
2180466,Reverse puff pastry pizza,
2206183,"Ricotta, honey and thyme ice cream",Cyprus
2182815,Roasted falafel pitta pockets,Israel
1354131,Root mash with wine braised shallots,
398007,Royal potato salad,
1034181,Satsuma and dark chocolate brioche,
398101,Socca,France
1353563,Stuffed courgettes,
2206188,Tahini cinnamon swirl with carob (Tahinopita me charoupi),Cyprus
929513,Tortelloni minestrone,Italy
2182825,Angry pasta fagioli,Italy
1343116,Bulgur and lentil salad,Turkey
929137,Chicken with caramelized onion & cardamom rice,Israel
2205924,Classic moussaka,Cyprus
398111,Freekeh pilaf,Israel
1855677,Lemon and semolina syrup cakes,Israel
398052,Lentils with grilled aubergine,
1715300,"Mango teriyaki salmon, brown rice & chilli cucumber pickle",Asia
25281,Pea risotto,
2181149,Pumpkin rice,
398042,Purple sprouting broccoli with rice noodles,
1855626,Soft date and oat bars,
2182828,Speedy egg-fried rice,Asia
2182831,Super spinach pancakes,
398008,Surprise Tatin,
929473,Tahini cookies,Israel
1343152,Tomatoes stuffed with bulgur & peppers stuffed with rice (Domates dolması ve biber dolması),Turkey
2185137,"Baked rice with green olives, orange, feta cheese & dill",
2180443,Bold black bean soup,
2023420,Coconut-crusted fish fingers,
1163735,Hungover noodles,
2023236,Oven chips with oregano and feta,
2205923,Pastitsio (Makaronia tou fournou),Cyprus
2185119,"Roasted squash & tofu with soy, honey, chili & ginger",
2023430,Rose harissa chickpeas with flaked cod,
2184664,Salsiccia con patate e pomodori al forno,Italy
1163723,Sicilian squash & chickpea stew,Italy
2205920,Spicy sausage and pepper stew (Spetsofai),Cyprus
2023232,Sweet potato mash with lime salsa,
2184661,"Baked sausages, apples, & blackberries with mustard & maple syrup",
592602,Butternut squash and caramelized onion galette,France
398110,Cardamom rice with poached eggs and yoghurt,
1861125,Chicken & turmeric vermicelli soup,Israel
1856091,"Chocolate tart with hazelnut, rosemary and orange",
284623,Pumpkin and goat's cheese lasagne,
929519,"Spaghetti with tuna, lemon & rocket",Italy
1855785,Tropical fruit cake,
2185139,Arroz con verduras,Spain
2182832,Brunch-style egg curry,India
2199859,Butternut squash and fondue pie with pickled red chiles,
2224082,Chocoflan,
1855676,"Flourless chocolate ""teacakes""",
1277048,Hellenic Republic’s Cypriot grain salad,Cyprus
2184999,"Roast corn, zucchini, & peppers with cumin, chili, sour cream & avocado",
2138868,"Roasted broccoli, chilli and ricotta cake [Helen Goh]",
2185108,Roasted Indian-spiced vegetables with lime-cilantro butter,India
2185125,"Salad of roasted carrots, apple & lentils with chili & preserved lemons",
2073536,Tah chin with chicken and spinach,France
2180303,Wonderful veg tagine,Morocco
2174562,Aubergine katsu curry with pickled radishes,Japan
2175137,Bunny chow,India
652094,Cannellini bean and leek soup with chilli oil,
1518595,Carrot cake flapjack bars,
652541,Carrot hummus,
2184668,"Cod with chorizo, tomatoes, olives & sherry",
2174589,"Egg fried rice with peppers, peas and chilli",Asia
2174559,Food court Singapore noodles,Singapore
377383,French beans and mangetout with hazelnut and orange,
1856147,Frozen espresso parfait for a crowd,
1511208,Fruity scones,
2207955,Golden turmeric challah with nigella seeds,Israel
651450,"Herby, peanutty, noodly salad",
2174812,"Honey, soy and ginger braised tofu",South Korea
929543,Italian traybake,Italy
2175130,Korean egg bread,South Korea
398024,Mushroom lasagne,Italy
2174577,"New potato, chard and coconut curry",India
651254,North African squash and chickpea stew,Morocco
2174603,Piccalilli spiced rice,
651964,Porotos granados,Chile
2159391,Posh granola bars,
652043,Puy lentil and spinach soup,
651748,"Red cabbage, parsnip, oranges and dates",
653898,Roasted Brussels sprouts with shallots,
651273,"Spinach, penne and cheese spoufflé",
653895,"Stuffed peppers with new potatoes, feta and pesto",
2174544,Swede laksa,Malaysia
2174526,Sweet potato momos,Nepal
2174827,Sweetheart cabbage okonomiyaki,Japan
652357,Vegeree,
652350,Vegetable biryani,
2023250,Baked mint rice with pomegranate and olive salsa,
2175134,Black dal,India
929150,"Braised eggs with lamb, tahini & sumac",Israel
2174542,Caramelized fennel and carrot salad with mung beans and herbs,Asia
2207388,Carrot pasta with poppy seeds,
377475,"Carrot, apple and pecan muffins",
651626,"Carrot, orange and cashews",
652215,Chickpea ketchup curry,
651262,Chillies stuffed with beans,
2207391,"Creamy tomato-carrot soup with basil, fennel, and oregano",
652140,"Curried egg, lentils and flat-leaf parsley sandwich",
377499,Dark chocolate tartlets,
2211652,Dulce de leche sandwich cookies (Alfajores),Argentina
2180320,Filo snake bake,
2182300,Greens mac ‘n’ cheese,
2249628,Hawaij onion and chickpea soup with cheesy bread,Yemen
2174566,Jersey Royal and green bean istoo,India
377501,Lemon meringue tartlets,
2208291,Lentil salad with cornichons and mustard vinaigrette,France
651278,"Lettuce, spring onion and cheese tart",
1452575,Lincolnshire sausage and potato curry,
2174816,Mashed potato paratha with a quick lemon pickle,India
2208298,"Mini potato, olive, and bell pepper frittatas",Italy
1564462,Naans,India
2174546,Peanut butter and purple sprouting broccoli pad Thai,Thailand
2159394,"Peanut butter, chocolate chip and oat cookies",
2175132,Quick coconut dal with tomato sambol,India
2175161,Roast green beans and tenderstem with sesame sauce,
2185336,"Roast pork with crushed grapes, Marsala & juniper",
2207932,Sesame sumac flatbreads with nigella seeds,
1354148,Spicy scrambled eggs,
2174601,Sweet potato and tenderstem bibimbap,South Korea
2174520,Sweet potato cakes with kimchi mayo,
2174531,Thai salad with grapefruit and cashews,Thailand
2208293,Zucchini and arugula frittata with feta and oregano,Italy
2174832,Bombay rolls,
1354146,Corn and spring onion pancakes,
1354134,Crushed Puy lentils with tahini and cumin,
1353480,Fancy coleslaw,
651504,Fish-free salad Niçoise,
2174532,Forbidden rice salad with blistered tenderstem and miso dressing,Asia
1353980,Fried upma with poached egg,
398088,Gado-gado,Indonesia
1245989,Georgian chicken with walnut sauce and hot grated beetroot,Georgia
1244663,Home-style Punjabi lentils (Tarka dal),India
1245543,"Kale, salmon and barley soup with buttermilk",Sweden
2174587,Kimchi fried rice,South Korea
2175127,Leek and chard martabak,Asia
2175127,Leek and chard martabak,Israel
652529,Lemony guacamole,Mexico
2175178,Pineapple love cake,Sri Lanka
651234,Pinto bean chilli,Chile
651234,Pinto bean chilli,United States of America
1354187,"Pot barley, orange and sesame pudding",
651428,Potato Dauphinoise,France
2175153,Red lentil rasam with roast red cabbage,India
1374191,Roasted beetroot and thyme risotto,
2175165,Roasted carrots and cabbage with gochujang,
1860601,"Sausage, potato, pepper & onion bake with yogurt & chilli sauce",Israel
398045,Savoy cabbage and Parmesan skin soup,
1245910,"Soba noodles with chilli, purple-sprouting broccoli and a fried egg",
2185136,"South American-spiced chicken, black beans, & rice with avocado, pickled chilies & sour cream",South America
1353501,Spring salad,
2174815,Spring vegetable bun cha,Vietnam
651391,Swede and potato pasties,United Kingdom
2174824,Vietnamese coconut pancakes,Vietnam
2174598,"Winter pilau with beetroot, cauliflower and coriander chutney",Asia
2205326,"A very, very good spinach and feta pie (Spanakopita)",Cyprus
2142792,"Carrots, tomatoes, buns",
2205583,"Cheese, courgette and honey pie (Tyropita me meli)",Cyprus
2023189,Curried egg and cauliflower salad,
1243461,Greek yogurt and apricot ice cream,
1245642,Kale pesto with wholewheat linguine,
2205903,Mama’s dressed tuna,Cyprus
652168,Oven-roasted roots frittata,Italy
1867048,Pea speltotto with lemon and hazelnuts,
2142747,"Peas, parsley, vegetable stock",
653951,Pumpkin and raisin tea loaf,
2174563,Pumpkin malai kari,India
1868080,Red pepper and chickpea soup,
1867027,"Roast fennel, new potato and tomato stew",Morocco
1867652,Roast squash and chickpeas with spicy apricot sauce,Morocco
1244356,Roast tomatoes and lentils with dukka-crumbed eggs,Egypt
1867520,Roast tomatoes and red rice with orange and almonds,
2205562,Roasted cauliflower in sweet tomato sauce (Kounoupidi yiahni),Cyprus
2205568,Roasted chickpea and sesame soup (Tahinosoupa),Cyprus
2174565,Roasted paneer aloo gobi,India
2182309,Silky courgette bow-ties,
2205588,Slow-cooked garden beans with sausage (Fasolia me loukaniko),Cyprus
1245541,"Spinach, pomegranate and bulgar soup",Azerbaijan
2205564,Tomato braised peas and beans (Pizeli kai fasolaki yiahni),Cyprus
2205325,"Tomato, aubergine and rosemary spaghetti",Cyprus
2142886,"Tomato, peas, feta",
2154012,"All-in-one kale & borlotti minestrone with ditalini, chilli oil & pine nuts",Italy
2185103,Baked sweet potatoes with avocado & chimichurri,Argentina
1689169,Beetroot shami kebabs (Chukandar ke kebab),India
1244376,"Beluga lentil, roast grape and red chicory salad",
1243941,"Broad bean, leek, tomato and dill pilaf",Iran
2162056,"Cannellini bean falafel with potato wedges, spinach & pomegranate",Israel
2184676,"Chicken with feta cheese, dill, lemon & harissa yogurt",
2184678,"Chicken with plums, honey & pomegranates",
2205918,"Chicken, cinnamon and sweet tomato orzo (Kotopoulo kritharaki)",Cyprus
2205586,Classic baked beans (Gigantes),Cyprus
2205574,Courgette keftedes (Kolokythokeftedes),Cyprus
1219813,Cranachan cheesecake,Scotland
2155244,"Crispy gnocchi with roasted peppers, chilli, rosemary & ricotta",Italy
398068,"Egg, spinach and pecorino pizza",
1757910,Elephant ear garlic naan,India
1354180,Esme's old-fashioned apple and rhubarb pudding,
2205310,"Fava, pickled onions with capers",Cyprus
1757822,Fennel + apple chaat with caramelised almonds (Seb aur saunf ka chaat),India
1755049,Hara bara kebabs with burnt lime raita,India
1755050,Keralan vegetable istoo,India
2162053,Leek & Puy lentil gratin with a crunchy feta topping,
1757893,Lemon rice with peanuts + curry leaves (Nimbu chawal),India
2143399,"Lunchbox pasta salad: quick-roast broccoli with olives, sunblush tomatoes, basil & pine nuts",
1757909,Malabar paratha,India
1757849,Paneer butter masala,India
1757843,Park Street kati rolls,India
398092,Puy lentil galettes,France
2184662,Roast salmon & string beans with cornichons & mustard crumbs,
1754553,Shredded roti with red cabbage + carrot,India
2143404,Spiced roasted carrot & bean curry,India
1757800,"Spinach, tomato + chickpea curry (Chana saag)",India
1757892,Tamarind + caramelized red onion rice (Imli chawal),India
1757860,Temple tomato rasam (Tamatar ki rasam),India
1867785,Tomato and black bean salad with cumin dressing,
1243805,Turkish spoon salad with haydari,Turkey
1509744,White chocolate butterscotch blondies,
1215451,Apricot-corn flake chocolate bars (Rose des sables),
398021,Bánh xèo,Vietnam
2205925,"Beef, red wine and baby onion stew (Stifado)",Cyprus
1758724,Bengal baked curd with tamarind berries (Mishti doi jamun ki sath),India
1757842,Bengali-in-the-cupboard egg curry (Dimer johl),India
1211423,Berry and pistachio tart (Tarte aux fruits rouges-pistache),France
398018,Black pepper tofu,
398039,Broccolini and sweet sesame salad,
1757853,"Butternut squash, aubergine + red lentil sambhar",India
1709330,"Carrot houmous, roast tomatoes & harissa yogurt",Israel
1755029,Cauliflower korma with blackened raisins (Gobhi korma),India
2275668,Chopped salad: three ways - yoghurt version (Salata Arabieh 3),Palestine
651379,Courgette and rice filo pie,
1755044,Courgette kofta in a ginger + tomato sauce,India
1709425,"Cumin-roast aubergines, chickpeas, walnuts & dates",
1707250,Egg & salmon donburi,Japan
1757844,Egg hoppers with onion sambol,Sri Lanka
2205901,Fish keftedes in mustard and dill,Cyprus
1757900,Grand vegetable biryani (Mast biryani),India
2043738,Grapefruit chicken stew with couscous,
1709441,"Greek baked beans with dill, preserved lemon & feta",Greece
2275576,Hassan’s easy eggs with za’atar and lemon,Palestine
929193,Herb pie,Israel
1374373,Herby butter bean salad with crispy pitta bread,Lebanon
1757839,Hill station salad,India
2205914,Homemade oven chips,Cyprus
1757821,"Hot green bean, cashew + coconut salad (Haree phalee salad)",India
1709264,Huevos rotos,Spain
398109,Kisir,Turkey
2205327,Lentils and spinach with crispy shallots (Faki moutzendra me spanaki),Cyprus
1757898,Lime pickle rice with roasted squash (Nimbu achar kaddoo ka chawal),India
1689197,New potato and chickpea chaat (Aloo chana chaat),India
2205980,"Orange, yoghurt and filo cake (Portokalopita)",Cyprus
1757850,"Pumpkin, black-eyed bean + coconut curry (Olan)",India
398114,Quinoa salad with dried Iranian lime,
1855764,Rhubarb and strawberry crumble cake,
2185127,Sausages & lentils with herb relish,
2205906,Seafood and saffron pilafi (Pilafi risi me thalassina),Cyprus
2184995,"Smoked paprika-baked zucchini, tomatoes & string beans with eggs",
2205936,Spice-roasted squash with dried cherries and tahini,Cyprus
1757901,Tomato + green bean sevai (Thakkali sevai),India
2184997,"Tomato, goat cheese & olive clafoutis with basil",France
2276750,"Aubergine, chickpea and tomato bake (Musaqa’a)",Palestine
2276192,"Baby gem lettuce with burnt aubergine yoghurt, smacked cucumber and shatta",Palestine
2276751,Beetroot and feta galette with za’atar and honey,Palestine
2276732,Buttery rice with toasted vermicelli (Ruz bil sh‘arieh),Palestine
2276748,"Chard, lentil and preserved lemon soup (Shorbet adass w sliq)",Palestine
2277613,Chicken shawarma pie,Palestine
2276736,Chilled cucumber and tahini soup with spicy pumpkin seeds,Palestine
2277647,Chocolate and qahwa flour-free torte,Palestine
2205919,Coriander and lemon roast chicken,Cyprus
651303,Courgette penne spoufflé,
2205585,Creamy chickpeas and chard (Revithia me lahana),Cyprus
2205319,Cypriot pork meatballs (Keftedes),Cyprus
2275577,Fresh herb omelette with caramelised onions (Ijeh),Palestine
2275584,Ful medames,Egypt
2275580,Green shakshuka,Israel
2197079,"Greens and eggs, a love affair (Horta me avga)",Cyprus
2275587,Hummus: two ways - kofta version,Palestine
2277622,Jerusalem sesame bread (Ka’ak al quds),Palestine
2205973,Jewelled pilafi (Pourgouri me rodi),Cyprus
2277633,Knafeh Nabulseyeh,Palestine
2275598,Labneh,Palestine
2277654,"Labneh cheesecake with roasted apricots, honey and cardamom",Palestine
2205938,Mama’s leftover Easter egg salad,Cyprus
2200411,Mama’s tzatziki aka talattouri,Cyprus
2276200,Na‘ama‘s buttermilk fattoush,Palestine
2277592,Open cauliflower pies (Sfiha 2),Palestine
2277645,"Orange blossom, honey and baklava semi-freddo",Palestine
2276758,Pasta with yoghurt and parsley breadcrumbs (Ma’caroneh bil laban),Palestine
2276756,"Rice with yoghurt, roasted cauliflower and fried garlic (Labaniet alzahar)",Palestine
2276219,Roasted squash and courgettes with whipped feta and pistachios,Palestine
2275579,Scrambled red shakshuka,Israel
2277539,Spiced salmon skewers with parsley oil,Palestine
2275651,Spicy olives and roasted red pepper (Zaytoun bil shatta),
2276725,Spicy roasted new potatoes with lemon and herbs (Batata bil filfil),Palestine
2276757,"Spinach and toasted orzo, with dill and green chilli salsa",Palestine
2277652,Sticky date and halva puddings with tahini caramel,Palestine
2277628,Sumac onion and herb oil buns,Palestine
2197078,The Panayiotou halloumi and mint bundt (Halloumopita),Cyprus
2205303,Toasted walnut and bean skordalia (Karydia me fasolia skordalia),Cyprus
2205322,Yellow split pea and wild fennel soup (Louvana me marathos),Cyprus
1199097,Appley Chelsea buns,United Kingdom
2277630,Arabic samosas (Sambousek),Palestine
1709433,"Baked merguez with beans, eggs & feta",
2276741,Butternut squash and saffron soup with caramelised pistachios and herb salsa,Palestine
2180312,Cauliflower cheese pizza pie,
1199114,Chocolate pear cake,
1199098,Chunky apple and marmalade cake,
1354151,Corsican pie with courgette flowers,Corsica
1533067,Dutch baby,United States of America
2277616,Fragrant Palestinian couscous (Maftoul),Palestine
2276747,Freekeh soup with chicken meatballs (Shorbet freekeh),Palestine
2182821,Greek-inspired cauliflower stew,Greece
2277605,Meatballs and peas in tomato sauce,Palestine
1709966,Moroccan-spiced chicken with dates & aubergines,Morocco
2180317,My veggie moussaka,Greece
2180477,Pea & ricotta stuffed courgettes,
2182809,Roasted black bean burgers,
2180473,Scrumptious veg traybake,
1709426,Simple red lentil & pumpkin dal,India
2182837,Speedy spiced pocket bread,
652138,Spicy carrot and chickpea pitta pocket,
2277611,Spicy pasta bake,Palestine
651257,Squash and fennel lasagne,
2180290,Super-comforting gumbo,New Orleans
1199078,Toad-in-the-hole with apples,
2277624,Za’atar bread (Aqras za’atar),Palestine
2359223,Asparagus and gochujang pancakes,
2359190,"Bkeila, potato and butter bean stew",Israel
2359190,"Bkeila, potato and butter bean stew",Tunisia
2359203,"Black beans with coconut, chilli and lime",
2359685,Coconut and turmeric omelette feast,
1184955,Double chocolate muffins,
2359682,Giant couscous and pumpkin in tomato and star anise sauce,
2359127,Hasselback beetroot with lime leaf butter,Sweden
2359188,Lime and coconut potato gratin,
2359689,Mafalda and roasted butternut in warm yoghurt sauce,Israel
2359683,One-pan orecchiette puttanesca,Italy
2359219,Potato and gochujang braised eggs,
2359736,Roasted carrot salad with chamoy,Mexico
2360057,Spicy roast potatoes with tahini and soy,
2182301,Sweet leek carbonara,Italy
2359678,"Sweet potato in tomato, lime and cardamom sauce",
2359221,The ultimate traybake ragù,Italy
1709982,"Tomatoes, potatoes & vermouth with basil crème fraîche",
2359691,Aubergine dumplings alla Parmigiana,Italy
2023228,"Butternut squash with sweetcorn salsa, feta and pumpkin seeds",
2359679,"Butternut, orange and sage galette",France
2359770,Cauliflower roasted in chilli butter,
1164086,Chicken & spinach cannelloni,Italy
2200409,"Chocolate, tahini and halva marble cake",Cyprus
2359183,Curry-crusted swede steaks,India
2359881,Dirty rice,New Orleans
2327363,Green & black-eyed bean baklava with feta & honey,Israel
2359121,Iceberg wedges with smoky aubergine cream,
2326193,Pomegranate molasses & honey-glazed meatballs,
1532983,Pumpkin bundt cake,
1867657,Red cabbage and cashew biryani,India
2327370,Red kidney bean & sweet potato stew with yogurt & hot mint oil,Iran
1867711,"Roast potatoes, swede, apples and kale",
2326040,"Slow-cooked butter beans with oregano, tomatoes & garlic",
2359782,Spicy berbere ratatouille with coconut salsa,Ethiopia
2359782,Spicy berbere ratatouille with coconut salsa,France
2359690,Stuffed aubergine in curry and coconut dal,India
1165344,Sweet pea fish pie,
2327381,"Tahini, almond & orange brownies",
2326043,Tomato & garlic rice,
1533026,Triple chocolate buckwheat cookies,
2359765,Udon noodles with fried tofu and orange nam jim,Thailand
1860745,Ultimate chicken shawarmas,Israel
1335504,Aubergine and cherry tomato curry (Ringra tametar nu shaak),India
2326205,Beetroot & feta lattice,
2359754,Chaat masala potatoes with yoghurt and tamarind,India
2327367,"Chard, ricotta & runny egg pie",
2326910,Chicken & apricot pastries,Israel
1211439,Chocolate mousse tart (Tarte mousse chocolat),France
2326386,Courgette & oregano pancakes with feta & honey,Turkey
2326049,"Cucumber, green apple & nigella salad with feta & dill",
2359185,Curried carrot mash with brown butter,
1384898,Daily dal (Masoor dal),India
1346001,Disha's pav bhaji,India
2326899,Fragrant fish cakes with preserved lemon mayonnaise,
1392429,Green beans with mustard seeds and ginger (Fansi nu saak),India
1335507,Gujarati potato curry (Bateta nu shaak),India
2326029,"Mozzarella, olive & za'atar pizzettes",Italy
2326029,"Mozzarella, olive & za'atar pizzettes",Lebanon
2327343,"Pear, chickpea & green leaf salad with maple harissa dressing",
1347010,Roasted aloo gobi salad (Phool kobi ne bateta nu salaad),India
1335505,"Roasted butternut squash curry with garlic and tomatoes (Lasan, tametar anna kaddu nu shaak)",India
2326032,Spiced carrot & tamarind soup,
1757856,Sri Lankan dal with coconut + lime kale,Sri Lanka
2326369,Tahdig e makaroni,Iran
2326378,Adas polow,Iran
2275656,Beetroot and sweet potato dip with pistachio bulgur salsa,
2276730,"Bulgur, tomato and aubergine pilaf (Shulbato)",Palestine
2326039,Cannellini bean mash with preserved lemon & tahini,
2326187,"Carrot, pistachio & dill salad with lime & honey dressing",
2326030,Cauliflower & cumin soup,
1843951,Cauliflower miso mac & cheese,
1861999,"Cauliflower, anari, black pepper & thyme quiches",Israel
2580115,Cherry and chocolate baked Alaska,United States of America
2199341,Chicken in a pot with lemon and orzo,
455349,Chocolate peanut butter cheesecake,
2205977,Christmas honey biscuits (Melomakarona),Cyprus
2327372,"Goats' cheese, vegetable & za'atar filo tart",
2326035,Green chicken,
2580053,"Hermine's ham, cheese and chive couronnes",France
1855798,Lemon and poppy seed cake (National Trust version),
2359887,Miso butter onions,
2580033,Paul's chocolate babka,Ukraine
2580616,Peter's red berry delice,
2277620,Pita bread (Khubez),Israel
2196887,"Pumpkin, couscous, date syrup",
1533013,Salted chocolate tart,
1347032,Simply spiced spring cabbage (Kobi nu shaak),India
2326199,"Smoky beef, potato & pea pan-fry with eggs & yogurt",
398002,Spicy Moroccan carrot salad,Morocco
2277631,Spinach pies (Fatayer sabanekh),Palestine
2359216,Swede gnocchi with miso butter,Asia
2359216,Swede gnocchi with miso butter,Italy
2275586,Warm hummus with toasted bread and pine nuts (Fattet hummus),Palestine
2359224,Za'atar cacio e pepe,Italy
2277538,Baked fish kubbeh (Kubbet samak bil siniyeh),Palestine
398103,Coconut rice with sambal and okra,Malaysia
2207834,Garlic and tomato baked penne with rosemary and oregano,Italy
2326895,Ghayour house chicken kari,Iran
651935,Mexican tomato and bean soup,Mexico
653869,Patatas bravas,Spain
652039,Pearl barley broth,
839669,Saint-Génix brioche with chocolate-coated almonds and hazelnuts,France
2276718,Spiced chickpeas (Balilah),Palestine
398099,Spiced red lentils with cucumber yogurt,
2326381,Spicy bulgur wheat meatballs in garlicky tomato sauce,Turkey
839023,Sunny pear and chocolate tart,
398064,"Swiss chard, chickpea and tamarind stew",
652158,Upside-down onion tart,
2276216,Winter tabbouleh with a blood orange dressing,Palestine
1757841,Akoori,India
2152238,All-in-one sweet potato Thai curry,Thailand
1369358,Bombay eggs,India
1335511,"Cauliflower, cashew, pea and coconut curry (Phool kobi kaju anna mattar nu shaak)",India
1392437,Chaat salad,India
2580495,Chicken and leek pie,
2326897,"Chorizo, goats' cheese & cumin borek",Israel
929475,Clementine & almond syrup cake,Israel
1369331,Coconut fish curry (Fish moilee),India
2154322,"Gently spiced pearl barley with tomatoes, leeks, dill & pine nuts",
1852892,Ham & egg curried noodles,
839142,Hazelnut waves,
1856145,Knickerbocker glory,United States of America
1856145,Knickerbocker glory,Italy
1384910,"Pan-fried potatoes with peanuts, black pepper and lemon juice (Ferrari)",India
2207356,Rosemary and thyme potato gratin with bay leaves,France
1709598,"Salmon, fennel & potatoes en papillote with dill butter",
1533028,Seed-studded Anzac biscuits,Australia
1533028,Seed-studded Anzac biscuits,New Zealand
2326042,Spiced turmeric mashed potatoes with coriander,
1384913,"Spinach with black pepper, garlic and lemon",India
2207849,Summer harvest paella with saffron and coriander,Spain
2154003,Three bean chilli with avocado salsa,Chile
2154003,Three bean chilli with avocado salsa,United States of America
1384908,Worker's curry (Chana masala),India
2326201,Yogurt & spice roasted salmon,
929194,Acharuli khachapuri,Georgia
1685097,Black dal,India
652553,Cannellini bean hummus,
1686312,"Caraway, honey and buttermilk buns",
1683210,Fennel and sausage muffins,
2197101,Fennel stuffed flatbreads (Marathopita),Cyprus
2200413,Houmous,Cyprus
1685099,Jerusalem artichoke and thyme barley risotto,
1684656,Kimchi and prawn okonomiyaki,Japan
1843954,Lentil & yogurt pita dip,
1681124,Menemen with lemon-roasted feta and olives,Turkey
1244659,Middle Eastern-spiced squash and white beans with lemon and mint,Israel
769253,"Millet, oat, and apple muffins",
1685092,One-pan creamy squash pasta,
1855726,Parsnip and pecan cake with aniseed and orange,
1681151,"Parsnip, mustard and Comté soup",
2205904,Pomegranate and thyme swordfish souvlaki (Souvlaki xifias me rodi),Cyprus
1686303,Praline orchard pie with bourbon,
1710311,Raspberry yogurt cake,
1681160,Roasted cauliflower and coconut soup,
1843947,"Roasted sweet potatoes with cannellini beans, toasted bread crumbs & spinach",
1709956,"Spanish rice with chorizo, beans & pumpkin",Spain
1866206,Spatchcock chicken with miso and sesame seeds,
1709471,"Turkish pasta with feta, yogurt & dill",Turkey
2205934,Village salad (Horiatiki salata),Cyprus
1243502,"White fish, saffron and dill couscous pilaf",
1681119,Wholegrain nasi goreng with spinach,Indonesia
1843600,Zucchini & garlic quesadilla,Mexico
1686299,"Almond, oat and raisin cookies",
1686295,"Apple, pear and tarragon slaw",
1681129,"Chorizo, tomato and chickpeas on toast",
2484407,Date and walnut brownies,Greece
2484407,Date and walnut brownies,Turkey
2484407,Date and walnut brownies,Cyprus
2484394,Greek tomato meatballs (Soutzoukakıa),Greece
1686068,Khichdi,India
1686297,Killer dressed roast potatoes,
1684668,"Lemon sole with preserved lemon, coriander and capers",
1686308,Malted milk chocolate and raspberry tart,
1685654,Pecan and sausage stuffing mac 'n' cheese,
2484339,Pumpkin and cardamom soup,Cyprus
2484339,Pumpkin and cardamom soup,Greece
2484339,Pumpkin and cardamom soup,Turkey
1683212,Quick griddled multigrain flatbreads,
1685649,Roast harissa butter chicken and cracked wheat,
1685094,"Roasted chickpea, cauliflower and sesame lamb",
1685093,Sausage and wild garlic linguine,
1685648,Slow-cooked chicken rendang with gentle spiced rice,Malaysia
2484303,Smoky lima beans (Gıgantes plakı),Cyprus
2484303,Smoky lima beans (Gıgantes plakı),Greece
2484303,Smoky lima beans (Gıgantes plakı),Turkey
1855668,Victoria sponge with strawberries and white chocolate cream,United Kingdom
2484340,Black-eyed peas with chard (Louvı),Cyprus
2484403,Bougatsa,Greece
2484308,Broccolini with red peppers and dill,Turkey
2484341,Chana masala,Pakistan
929468,Chocolate krantz cakes,Israel
2484326,Cypriot potato salad,Cyprus
2484346,Fish kebabs with skordalia,Greece
2484346,Fish kebabs with skordalia,Turkey
2484286,Halloumi mint muffins,Cyprus
2484319,Lentils with preserved lemons and zhoug,Yemen
2484389,Rakhine chicken curry,Burma
1685091,Roasted sticky plum chicken with pickled cucumbers,
2484345,Sea bream with pistachio and herb sauce,Turkey
2484274,Spiced tomato scramble (Menemen),Turkey
2484327,Spicy bulgur in lettuce cups (Kısır),Greece
2484288,"Spinach, herb and feta pie (Spanakopıta)",Greece
2484325,"Sweet potato, chickpea and tahini salad",Cyprus
2484325,"Sweet potato, chickpea and tahini salad",Greece
2484325,"Sweet potato, chickpea and tahini salad",Turkey
2484343,Tagliatelle with herbed lentils (Harak osbao),Syria
2484335,Turkish bride soup (Ezogelin çorbası),Turkey
2206177,Warm custard filo pie and cinnamon sugar (Bougatsa),Cyprus
2484313,Zucchini and feta fritters (Mücver),Cyprus
2484313,Zucchini and feta fritters (Mücver),Greece
2484313,Zucchini and feta fritters (Mücver),Turkey
2484305,Afghan spiced pumpkin (Boranı kadoo),Afghanistan
2484333,"Beet, fennel and pomegranate salad",Greece
2019594,Chocolate and coconut cake,Palestine
2484404,"Chocolate, orange and olive oil mousse",Cyprus
2206176,Creamy filled cigars in an orange blossom syrup (Galatoboureko),Cyprus
2484317,Greek vegetable medley,Greece
2484344,Istanbul's famous mackerel sandwiches (Balık ekmek),Turkey
2018590,Lemon and chilli roast potatoes (Batata harra),Palestine
2484338,Lemon chicken soup (Avgolemono),Greece
2019552,"Lentil, aubergine and pomegranate stew (Rummaniyya)",Palestine
1683855,"Lentil, feta and spinach fritters",Greece
2484278,Olive bread (Elıopıta),Cyprus
2018576,"Olive, fig and honey tapenade",Palestine
2359697,Polenta with fresh corn and braised eggs,
2019527,Roast cauliflower soup,Palestine
1686061,Roasted guinea fowl and pumpkin pastilla,Morocco
2484279,Spiced cornbread with feta (Mısır ekmeği),Turkey
2484291,Spicy red pepper and walnut smash (Muhammara),Syria
2484267,Sweet tahini swirls (Tahinli çörek / Tahinopita),Cyprus
2359904,Tofu meatball korma,India
2484328,Tomato and za'atar salad,Cyprus
2484328,Tomato and za'atar salad,Greece
2484328,Tomato and za'atar salad,Turkey
1856079,Apricot and Amaretto cheesecake,
652315,Baby carrot and broad bean risotto,
2477668,Carrot soup with tahini & rosemary,
2019639,Coconut bites,Palestine
2018565,Hummus,Palestine
2019567,"Lemon, cumin and green chilli sea bass",Palestine
1635250,Marbled chocolate brownie with raspberries (Brownie marbré au chocolat et aux framboises),France
2182819,Proper baked beans,
2019530,Red lentil and squash soup with za’atar croutons,Palestine
2019544,Roast aubergines with spiced chickpeas and tomatoes (Musaka’a),Palestine
2019578,Roast chicken stuffed with raisins and pine nuts (Djaj mahshi),Palestine
2180310,Roasted veg dosa,India
2018588,Shakshuka,Palestine
2019590,Tray-baked lamb kibbeh (Kibbeh bil saneeyeh),Palestine
2484276,Turkish flatbread (Pide ekmek),Turkey
1635119,Vegetarian lasagna (Lasagnes végétariennes),France
1635119,Vegetarian lasagna (Lasagnes végétariennes),Italy
2478088,Baked dhal with tamarind-glazed sweet potato,India
25354,Bakewell tart with fresh raspberries,United Kingdom
2478509,Brown butter double-chip cookies,
2478503,Chocolate & almond butter swirl brownies,
2473741,Cinnamon & cherry tomato koshari,Egypt
2473742,Corn risotto,
2478507,Double ginger & apple cake,
2478487,Gobi Manchurian,China
2478487,Gobi Manchurian,India
2477667,Greek olive & herb shakshuka,Greece
2474875,Green broccoli soup,
2477665,Greens & kimchi-fried rice,South Korea
2478472,Leek & potato traybake with quick romesco,Spain
2473707,Muhammara chickpea stew,Syria
2478514,Oat milk,
2473710,"One-pot orzo with beetroot, thyme & orange",Italy
377478,Pear and Amaretto crumble cake,
2474395,Pimentón burgers,
2478468,Piquant smoked paprika pasta bake,
2478502,Pistachio & tahini fridge tiffin,United Kingdom
2478086,Quick squash lasagne,Italy
2477673,Saag aloo shepherd’s pie,India
2477673,Saag aloo shepherd’s pie,United Kingdom
2476995,Squash & ginger noodle soup,
2473746,Ancho chilli & peanut mole,Mexico
2359120,Calvin's grilled peaches and runner beans,
200606,Chocolate cloud cake,
2473355,Corn and cauliflower chowder,United States of America
2474376,Courgette & halloumi fritters with chilli & mint jam,
2473356,Late summer corn & tomato curry,
2473713,"Lemon, chickpea & green herb stew",
2475157,"Pea, potato & lemon traybake",
2473393,Persian noodle soup,Iran
2473370,"Quinoa, lime and jalapeño pilaf",
2359228,Spring vegetables in Parmesan broth with charred lemon salsa,
1163740,Squash & spinach pasta rotolo,Italy
2478478,Sticky sesame-baked cauliflower,
938139,Sweet naughty beginning toastie,
2477669,Tomato & tamarind bhel puri,India
1165354,Tuna melt piadina,Italy
2601460,Yellow split pea purée with buttered onions and caper sauce,
2019569,Za’atar roast salmon with garlicky bean mash,Palestine
2601194,"(One jar of) butter beans with preserved lemon, chilli, and herb oil",
2602132,Baked orzo puttanesca,Italy
2602347,Beyond potato salad,
2601202,Cheesy polenta and tomato sauce,Italy
2602129,Confit tandoori chickpeas,India
2602351,Cream of tomato soup with buttery onions and orecchiette,
2602366,Creamed corn stuffed peppers with pickled jalapeños,
2601198,Creamy dreamy hummus,Israel
2602354,Curried cauliflower cheese filo pie,
2602159,Fish koftas in ancho chilli and tomato sauce,
2602811,Frozen berries for little humans,
2601203,Green cannellini and tahini,
2602368,Greens and chermoula potato pie,Morocco
2601196,Hawaij onion and chickpea soup with cheesy toast,Yemen
2602150,M.E. mac ’n’ cheese with za’atar pesto,Israel
2602152,Magical chicken and Parmesan soup with pappardelle,
2602169,Mediterranean-style fried rice with anchovy lemon dressing,Italy
2601490,Not-your-average tomato salad,
2602355,"Peas, tahini, and za’atar",
2601200,Pita,Israel
769822,Red kuri squash muffins,
2602179,Rice koofteh in spiced tomato sauce,
2602370,"Skillet berries, bread, and browned butter",
2601494,Smooshed carrots with coriander pistachio pesto and pickled onions,
2602146,Sticky sweet and sour plums and sausages,
2601552,Sweet potato shakshuka with Sriracha butter and pickled onions,
2601464,"Tamarind, greens, and mung beans with turmeric oil",Iran
2602172,Tomato and courgette loaf with spiced tomato chutney,
2602813,Verena’s road trip cookies,
2601475,Very giant giant couscous cake,
2601458,Za’atar parathas with grated tomato,India
2602134,Za’atar salmon and tahini,
2601496,(All the) herb dumplings with caramelised onions,
2602365,(That one bag of) mixed veggies and potato fritters with harissa,Morocco
2602130,5-a-day toad-in-the-hole,United Kingdom
2602133,"Berbere spiced chicken, carrots, and chickpeas",Ethiopia
2602358,"Braised green beans with tomato, cardamom, and garlic",
2601549,"Burnt aubergine, tomato, and tahini",
2602803,Carrot cake sandwich cookies,
2602819,Cheesy fruity stromboli,Italy
2602135,Chickpeas cacio e pepe,Italy
377467,Chocolate fudge cake,
2602357,Cobb salad with mango and lime dressing,
1532981,Dark and sumptuous chocolate cake,
2602353,Gnocchi with sumac onions and brown butter pine nuts,
2602182,Herby cabbage and potato gratin with Gruyère and ricotta,
2602148,Kale pesto strata with Gruyère and mustard,
2602137,One-pan crispy spaghetti and chicken,
2602346,Pancake omelettes (pomlettes),
2601510,Roasted potatoes with aïoli and buttered pine nuts,France
36541,Roxanne's millionaire's shortbread,
2602158,"Smoky, creamy pasta with burnt aubergine and tahini",
2601466,"Soda bread with figs, star anise, and orange",Ireland
2602345,Spiced butternut mash with pancake omelettes (pomlettes),
2601497,Spiced mashed aubergine and peas,India
2601486,"Spiced semolina with corn, peanuts, and coriander",
2601481,Tabbouleh fritters with quick chilli sauce,
1509752,Tiffin,
2602809,"Upside-down lemon, maple, and vanilla cake with lemon-maple butter",
2601469,Yogurt rice with chana dal and curry leaf oil,India
2602821,"Almond, barberry, and orange brittle with Aleppo chilli",
2602348,Any grilled veg with mustard and Parmesan dressing,
2601477,Black lime beef skewers with sumac onions,
2601580,Brussels sprout and Parmesan salad with lemon dressing,
2601559,Butternut squash with orange oil and caramelised honey,
2602154,"Celebration rice with lamb, chicken, and garlic yogurt",
1510037,Chocolate shortbread twists,
2580491,Christmas log cake,
2602808,Coconut dream cake,
2323858,Confit salmon pappardelle with cardamom and lime,Italy
2161292,Freekeh tabbouleh,Israel
2601557,Grilled bread with tomato and fried garlic,Spain
2615638,Lasagne of love,Italy
2601563,Lime and poppy seed slaw with curry leaf oil,
2601508,Roasted pepper salad with cucumber and herbs,Tunisia
2602165,Smoky marinated feta,
2602131,Spicy pulled pork vindaloo,India
2328592,Blueberry and cream cheese crostata,United States of America
2328592,Blueberry and cream cheese crostata,Italy
1946723,Chocolate and orange monkey bread,
1855688,Chocolate Guinness cake with Baileys Irish cream,
2124798,"Chocolate, orange and cardamom bread",
2010438,Coronation chickpeas,United Kingdom
2432330,Dal pita,Mauritius
2481915,Eggs baked in sticky kimchi rice,South Korea
2633602,"Lentil, spinach and feta gözlemes with grated tomato salsa",Turkey
1958200,Orecchiette cooked in chickpea and tomato sauce,Italy
1958200,Orecchiette cooked in chickpea and tomato sauce,Morocco
2189268,"Potato, leek and sauerkraut gratin",
2395142,Pumpkin pappardelle pie,
2037085,Roast berbere vegetables and chickpeas,Eritrea
2037085,Roast berbere vegetables and chickpeas,Ethiopia
2052844,Roast butternut squash curry,
1619660,Roast cauliflower with chorizo and green olives,
2076442,Spiced chicken madrooba,Israel
2129605,"Spicy cannellini beans, leeks and eggs",
2246625,Spicy chicken and cabbage soup,
2147931,Beqaa Valley salad (Warak enab),Lebanon
2193947,"Butternut squash, feta and sage filo pie",
2130886,"Carrot, fennel seed & red lentil soup with labneh & sesame oil",Israel
2130991,"Chickpea, paneer, spinach, & preserved lemon stew",Israel
2135662,Chouf Mountain spring tabouleh,Lebanon
2319038,Cucumber salad with brown butter croutons,United Kingdom
2147946,Dark chocolate & halva tart,Lebanon
2130900,Date-stuffed naan,India
1710309,Lemon & ricotta cake,
2130975,Moghrabieh salad,Israel
2602817,"Muhallabieh with burnt honey orange syrup, kataifi, and pistachio sugar",Israel
2185603,Orzo pilaf with fennel and dill,
2130888,Rice & vegetable aash with puy lentils,Iran
2412624,"Roast sweet potato with maple, lime and pecans",
2130986,Smoky black-eyed bean & tomato stew,Israel
1533070,Soda bread buns with fennel seeds and cranberries,Ireland
2135673,Sticky pomegranate sujuk,Lebanon
2130887,Sweet potato & lime soup,Israel
2133181,"Sweet potato, coconut & thyme bake",Jamaica
2135690,Syrian spaghetti with pomegranate & lentils (Hurrak osbao),Lebanon
2135690,Syrian spaghetti with pomegranate & lentils (Hurrak osbao),Syria
1532982,Thyme and lemon bundt cake,
1354158,Winter saffron gratin,
2133200,Dark chocolate & cherry sheet bake,
2389333,Eggs in filo nests with cheesy leeks and za'atar,
2129737,Feta & spring onion-stuffed potato skins,Israel
2131113,"Feta, pul biber & oregano macaroni bake",Israel
2131114,"Lemon, black pepper, pecorino & cabbage rice",Israel
2183888,"One-pot chicken with orzo, porcini and cinnamon",
2130898,Roast vegetable bastilla,Morocco
2152389,"Salted coffee, pecan and lime rocky road",United States of America
2152389,"Salted coffee, pecan and lime rocky road",Australia
2132171,"Spaghetti with olives, broccoli & feta",Israel
2133195,Spiced chewy chocolate cookies,
2133187,Spiced potato rösti,Switzerland
2133187,Spiced potato rösti,Israel
2132190,Spiced sweet potato & onion hash,Israel
2130890,"Sweetcorn, potato & cheddar chowder",Israel
2110039,"Amalfi lemon, bay leaf and olive oil cake",Italy
36511,Chocolate-cherry cupcakes,
1755028,Goan butternut squash cafreal,India
1755028,Goan butternut squash cafreal,Portugal
2131117,Roasted aubergine & carrot couscous with preserved lemon,Israel
1757815,Cauliflower + pomegranate chaat,India
1384903,Kidney bean curry (Junjaro),India
1369416,Masala omelette (Masala amlet),India
1757801,Runner bean subji,India
2473375,"Lemon, tomato & cardamom dhal",India
2478474,Preserved lemon & herb-baked orzo,Syria
2476990,Smoky swede carbonara,Italy
2474382,Sticky squash & pistachio flatbreads,
2478500,"Chocolate, olive oil & rosemary cake",
2799431,"Banana, sesame and maple cake",
2799288,Black-eyed peas with roasted onion aïoli,France
2799300,Brown butter curried corn bread,
2799281,Butternut and sage lasagne gratin,
2799229,Caldo de feijão with spicy pine nut oil,Brazil
2799422,Cannelloni enchiladas,Italy
2799422,Cannelloni enchiladas,Mexico
2799063,Cheesy roasted aubergine with salsa roja,Italy
2799063,Cheesy roasted aubergine with salsa roja,Mexico
2799681,"Coconut, chocolate and coffee roll",
2799228,Lentils with caramelised onion aïoli and crispy chilli oil,France
2811539,Meatball & mushroom Stroganoff,Israel
2811539,Meatball & mushroom Stroganoff,Russia
2809690,My ultimate tuna salad,Israel
2799447,Passion fruit pudim,Brazil
2799090,Peas with tomatoes and onions,
2799099,Piri piri tofu over crispy crispy orzo,
2799064,Porcini ragù,Italy
2799389,Red curry sweet potato gratin,Thailand
2799269,Sheet-pan sausages and charred citrus,
2799264,Spiced lamb and aubergine ragout,
2799428,Sticky banana and chocolate skillet cake,
2799275,Sticky coconut rice cake with turmeric tomatoes,Asia
2811579,"Sweet potato, sage & feta tart",Israel
2813021,Tahini & chocolate marmar cake,Israel
2813012,Tangy bulghur wheat bake with roasted onions,Israel
2799242,TV fries,
2866117,50/50 Bolognese,Italy
2799440,After dinner chocolate tart,
1245335,Beetroot and carrot fritters with dill and yogurt sauce,
2810326,"Butternut, harissa & coconut soup",Israel
2799283,Charred red pepper sauce with omelette noodles,
2866147,Chickpea & squash casserole,
2811536,"Chorizo, potato, corn, tomato & onion bake",Israel
2865603,Comforting rosy rice,
652165,Curried bubble and squeak,United Kingdom
2811586,"Golden pepper, cheese & courgette kuku",Iran
769368,Gorgonzola and pear risotto with rosemary and toasted walnuts,
2799096,Miso butter butternut gnocchi,Italy
2865861,Spaghetti frittata,Italy
1856139,Sticky fig pudding with salted caramel and coconut topping,
2866515,Toffee apple buns,
2866023,50/50 meatballs,
2811558,Ash-e-reshteh,Iran
2799419,Black pepper pork steaks with pineapple and peppers,
2811572,"Broccoli with ginger, lime, garlic & tomato",Israel
2865600,Buddy‘s pasta bake,
2799384,Chard rotolo,Italy
2799233,Charred gem lettuce two ways: tuna crema,
2811574,Cheat’s dhal,India
2858475,Cheesy curried butter beans on toast with pickled onion,
2799265,Chicken with pineapple and 'nduja,
2865596,Crazy-paving cannelloni,
2858479,Green minestrone with cheat’s preserved lemon,Italy
2865620,Hodgepodge soup,
2813015,Orange & dark chocolate rubble cake,Israel
2865911,Pepper & chickpea [salmon in a bag],
2811582,Pomegranate & harissa-roasted aubergine,Israel
2865574,Smoked salmon pasta,
2812934,Spiced coconut chickpeas,Israel
2813010,Spiced orzo polow,Israel
2865599,Sumptuous squash soup,
2812940,"Za‘atar, leek, potato & Gruyère frittata",Israel
2870611,Butternut crunch pie with pickled chillies,
2870656,Chaya’s dal pita with grilled tomato salsa,Mauritius
2870610,Couscous kosheri with daqa,Egypt
2799079,"Giant cheese on toast with spring onion, honey and Urfa butter",
2799387,Giant mushroom and sesame roll with salsa verde,
2799084,Limey cucumber salad with charred spring onion salsa,
2799070,Mango and cheese salad with jalapeño and lime,
2799435,Miso caramel ice cream bomba,Asia
2799435,Miso caramel ice cream bomba,Italy
2799395,Moqueca fish pie,Brazil
2799395,Moqueca fish pie,United Kingdom
2865630,Poached chicken soup,
2870658,Potato slab pie with salsa verde,
2865854,Tasty veggie tortilla,Spain
2870686,"Chocolate, orange, and pistachio buns (aka V’s fabulous buns)",
2870674,"Fried tagliatelle, chickpeas, and smoky tomato oil",
2858493,Spicy rotisserie chicken bake with blue cheese dressing,
2870626,Tattie scones with fennel and sausage gravy,Scotland
2870666,"Baked polenta with feta, béchamel, and za’atar tomatoes",
2870625,Black beans and rice with jammy peppers,
2870675,Caramelized fennel with orzo and saffron water,
2858486,Double lemon chicken with cheat’s preserved lemon,China
1865609,Egg tortilla pie,Mexico
2865862,Pick-me-up chilli fried eggs,
2870671,"Roasted hake with fenugreek onions and herby, yogurty peas",
2870643,Root vegetables and harissa chickpeas with dukkah,
2865579,Stracci primavera,Italy
377455,Sweet and spicy beef and pork pie,
1865613,Tomato and fried bread hash,
1866190,White miso hummus,Israel
2870677,Charred green pepper and bulgur pilaf with parsley oil,Israel
2870679,Pistachio macaron cake with elderflower apricots,
1716075,"7-veg tomato sauce, packed with hidden goodness",
769360,Arugula risotto with basil and lemon,
769258,Basil-flavored zucchini and Comté muffins,
769287,Beet and quinoa tabouli,Israel
377474,Blueberry crumble muffins,
377457,Brioche,France
377456,"Butternut, carrot and goat's cheese tartlets",
377407,Camargue red rice and quinoa with orange and pistachios,Italy
769299,"Caramelized cherry tomato, zucchini, and goat cheese clafoutis",France
769269,Carrot and red lentil soup with coconut milk,
377484,Champagne chocolates,
769251,Cherry tomato tartlets Tatin,France
377411,Chickpeas and spinach with honeyed sweet potato,Italy
377417,Chilled red pepper soup with soured cream,Italy
1415986,Chocolate chip petticoat tails,Scotland
769257,Chocolate crèpes,
377494,Chocolate macaroons,
769832,Chocolate tahini cookies,
769271,Cold honeydew and cucumber soup with its colorful skewers,
769290,Coriander-flavored carrot and zucchini tartlets with Manchego cheese,
769301,Cumin and parsley-flavored cheese gougères,France
377404,Danielle's sweet potato gratin,
769313,"Eggplant, lamb, and winter squash crumble",
769285,"Fingerling potato salad with peas, radishes, and quail eggs",
377488,Granola bars,
769351,"Hachis Parmentier with chicken, lime, and coriander",France
377412,Kosheri,Egypt
377471,Lemon and blueberry teacakes,
769348,Lemon and honey-flavored chicken with zebra tomatoes and haricots verts,
769247,Nutty maple and vanilla granola with homemade dried fruit,
377470,Peach and raspberry teacakes,
377458,"'Pizza' with feta, tomato and olives",
377487,Raspberry and oat bars,
769814,"Raspberry, lime, and coconut milk creams",
377414,Red lentil and chard soup,Italy
769699,Rice pudding with strawberries stewed in lemongrass and lime,
377434,"Roast chicken with saffron, hazelnuts and honey",Israel
377433,"Roast chicken with sumac, za'atar and lemon",Israel
769346,Salmon and watercress quiche,
769361,Salmon with an exotic spiced carrot sauce,
769300,"Spicy spaghetti with wilted arugula, lime, basil, and prosciutto",
769260,Sweet potato and carrot pancakes,
769309,Three root vegetable gratin dauphinois,France
769834,"White chocolate, oat, and cranberries cookies with fleur de sel",
2023128,5-spice peach and raspberry salad,
1855782,Apricot and almond cake with cinnamon topping,
1715016,"Baked tarka daal, cauliflower, split peas & chapatti",India
2175183,Banana bread with toasted coconut,
1855727,"Beetroot, ginger and soured cream cake",
1715805,"Black bean soup, poached eggs, salsa & tortillas",
2023448,"Blueberry, almond and lemon cake",
2159767,Cardamom pear plait,
1714335,"Cheat's pea soup, smoky ham, pasta, mint & feta",
1715299,"Chicken & chorizo bake, peppers, sweet potatoes & spuds",
1714994,"Chicken jalfrezi, blackened peppers & tomato rice",India
1855617,Chocolate chip and pecan cookies,
1855619,"Chocolate, banana and pecan cookies",
1365093,Creamy chicken and fig curry (Anjeer murghi),India
1714347,"Creamy chopped salad, grapes, tarragon, chicken & croutons",
2023126,Cucumber and lamb's lettuce salad,
1415839,Dorset apple cake,United Kingdom
2159893,Forest fruits strawberry mousse cakes,
2023125,Gem lettuce with fridge-raid dressing,
1855621,Gevulde speculaas,Netherlands
1343031,Gözleme,Turkey
1415899,Ham and goat's cheese couronne,United Kingdom
1415868,Homity pie,United Kingdom
1716076,Korma curry paste,India
1855792,Louise cake with plum and coconut,New Zealand
2159389,Mexican wedding cookies,Mexico
1525005,"My tasty energy balls, date, cocoa & pumpkin seed",
2205579,My yiayia Maroulla’s egg and chips (Patates me avga),Cyprus
1714239,"Pasta pesto, green beans, broccoli & asparagus",
2478082,"Pea, mint & preserved lemon filo tart",
1855784,Pistachio roulade with raspberries and white chocolate,
1716068,"Proper chicken nuggets, sweet paprika & Parmesan crumb",
1353517,Rice noodles with spring onions and soy beans,
2159987,Roast vegetable and cashew pie,
1856080,Roasted strawberry and lime cheesecake,
1715795,"Sausage pasta, broccoli, chilli & sweet tomatoes",
928897,Shakshuka,Israel
2180461,Silky omelette baguette,
1714424,"Smoky veggie chilli, sweet gem & cheesy jacket spuds",Chile
1715797,"Spaghetti cake, sweet aubergine & tomato",
2023458,Spiced apple cake,
1531882,Spiced parsnip and spinach soup,
1715796,"Spinach pici pasta, baby courgettes, tomatoes & pine nuts",
1855665,Strawberry and vanilla mini-cakes,
1714173,Super choc breakfast smoothie,
1714175,Super green breakfast smoothie,
1714681,"Super tuna pasta salad, feta & crispy cayenne crumbs",
1714344,"Sweet & sour stir-fry, loadsa sprouts, pineapple & noodles",
1715000,"Veggie Gurkha curry, aubergine, sweet potatoes & chickpeas",India
1415829,Wholemeal seeded loaf,United Kingdom
