image_url,recipe_id
https://cookbookamonth.wordpress.com/wp-content/uploads/2016/08/dsc03867.jpg,1686308
https://www.cookingmamas.com/wp-content/uploads/2017/08/Blueberry-Cream-Cheese-Crostata-2-1024x576.png,2870687
http://www.domesticgoddess.ca/wp-content/uploads/10407-b4na5pdt0hgzljs.jpg,36532
https://www.thedeliciouscrescent.com/wp-content/uploads/2016/08/Marble-Cake-3.jpg,2813021
https://ichef.bbci.co.uk/food/ic/food_16x9_1600/recipes/eclair_roll_08690_16x9.jpg,2043759
https://www.thespruceeats.com/thmb/J9KIbjkQho-w5GgR7imfecN1Z44=/750x0/filters:no_upscale():max_bytes(150000):strip_icc():format(webp)/chocoflan-recipe-5191594-hero-01-a25aa7130adf484a975374500e1b2296.jpg,2602815
https://www.thebittersideofsweet.com/wp-content/uploads/2018/07/Lemon-Raspberry-Cream-Horns-Picture.jpg,1513368
https://www.tasteofhome.com/wp-content/uploads/2018/01/Strawberry-Pizza_EXPS_FT23_15467_ST_1206_9.jpg,1510304
https://thehappyfoodie.co.uk/wp-content/uploads/2021/08/easter-biscuits_s900x0_c2000x1168_l0x364.jpg,1509751
https://thegreatbritishbakeoff.co.uk/wp-content/uploads/2019/12/Raspberry_Trifle_Terrine_V2_1024-1024x450.png,1510134
https://www.kopiaste.org/wp-content/uploads/2015/10/Fassolada-with-Sausage-picture2-720x540.jpg,2205588
https://allthatimeating.co.uk/wp-content/uploads/2018/08/Green-Bean-Stew-All-That-Im-Eating-1-of-2-300x200.jpg,2711314
https://www.deliciousmagazine.co.uk/wp-content/uploads/2018/07/851533-1-eng-GB_cretan-fish-stew-768x960.jpg,2205910
https://media.riverford.co.uk/images/roast-new-potatoes-and-artichokes-with-rosemary-and-lemon-800x800-ad72f0eb65b235b34372d157c0ab4bdc.jpg,2205975
https://www.sainsburysmagazine.co.uk/uploads/media/720x770/06/4826-GreekLambKleftiko1120.jpg?v=1-0,2205927
https://www.budgetbytes.com/wp-content/uploads/2022/03/Herby-Potato-Salad-V1-768x1024.jpg,2205974
https://thehappyfoodie.co.uk/wp-content/uploads/2019/04/tava-17fe8df4-4259-4cbe-bae0-a76638d64222_s600x0_q80_noupscale.jpeg,2205928
http://d3cq8m7vadlnho.cloudfront.net/wp-content/uploads/2016/03/easter-salad-4.jpg,2205938
https://www.yuzubakes.com/sites/yuzubakes.com/files/styles/yct_crp_ls_min_scale_1440/public/cauliflower-stew-in-a-red-pot.jpg,2205562
https://images.squarespace-cdn.com/content/v1/5dacfe6ef518353e8a969f84/1585038294114-AIEDV7DSVTH1IHJ2FXPZ/A15C9A2A-8ED3-4532-9AFA-AF59ED682F79.JPG,2205579
https://www.lowlyfood.com/wp-content/uploads/2022/02/oven-chips-4.jpg,2205914
https://www.fromachefskitchen.com/wp-content/uploads/2021/10/Cider-Vinegar-Braised-Cabbage-Wedges-12.jpeg,2711686
https://www.cookeatworld.com/wp-content/uploads/2023/06/Strapatsada-1-800x1203.jpg,2197077
https://static01.nyt.com/images/2023/11/01/multimedia/SD-Roasted-Feta-With-Thyme-Honey-vqlk/SD-Roasted-Feta-With-Thyme-Honey-vqlk-master768.jpg,2197073
https://www.theoccasionalkitchen.com/wp-content/uploads/2023/05/killer-roasted-potatoes-2048x1365.jpg,1686297
https://www.mygreekdish.com/wp-content/uploads/2013/05/Greek-Chicken-Souvlaki-Skewers-recipe-5-750x542.jpg,2205913
https://www.eatyourbooks.com/recipeimages/530c1f45-a31a-499e-bd58-c586a7c409a3.jpg,2205586
https://tavernaagni.com/wp-content/uploads/2020/02/stifado.jpg,2205925
https://www.bbcgoodfoodme.com/assets/legacy/recipe/recipe-image/2019/09/aubergine-chickpea-stew.jpg,2711715
https://www.mygreekdish.com/wp-content/uploads/2013/05/Pastitsio-recipe-Greek-Lasagna-with-bechamel-sauce-750x548.jpeg,2205923
https://fromalana.com/wp-content/uploads/2022/11/637D061C-5DDC-433A-BE27-6C372D16D05A_1_105_c.jpeg,2205908
https://cdn77-s3.lazycatkitchen.com/wp-content/uploads/2020/07/vegan-stuffed-grape-leaves-portion-800x1200.jpg,2205320
https://thewoksoflife.com/wp-content/uploads/2015/12/chiu-chow-7.jpg,2205915
https://thehappyfoodie.co.uk/wp-content/uploads/2021/08/authentic-greek-cypriot-moussaka-3b9f6790-3969-48a4-ab53-84f20f53a79f-2048x1331.jpg,2205924
https://nishkitchen.com/wp-content/uploads/2020/01/Chicken-Chickpeas-Curry-1B.jpg,1032554
https://www.telegraph.co.uk/content/dam/recipes/2021/07/07/chicken-with-yogurt-and-pomegranate_trans_NvBQzQNjv4BqqVzuuqpFlyLIwiB6NTmJwfSVWeZ_vEN7c6bHu2jJnT8.JPG,1246013
https://www.thespruceeats.com/thmb/OfyAJi6vvWZJPiyOutMk-oCN1YA=/750x0/filters:no_upscale():max_bytes(150000):strip_icc():format(webp)/chicken-tagine-with-chickpeas-and-raisins-2394713-step-06-550421b1cf4a4191999d2c0959aaaa63.jpg,25253
https://i.guim.co.uk/img/static/sys-images/Guardian/Pix/pictures/2011/12/16/1324053130772/Spiced-chicken-with-dates-007.jpg,1199529
https://716f24d81edeb11608aa-99aa5ccfecf745e7cf976b37d172ce54.ssl.cf1.rackcdn.com/slow-cooker-moroccan-chicken-stew-1532415l1.jpg,1532415
https://www.telegraph.co.uk/content/dam/recipes/2021/02/12/chicken-masala_trans_NvBQzQNjv4BqT1L7pyvtQihtj2tqLKP5kAB-Zgkv_ZLUR3XpuDQ0SXg.png,1709824
https://omgyummy.com/wp-content/uploads/2014/02/zhoug-in-jar-straight-down.jpg,929487
https://carveyourcraving.com/wp-content/uploads/2022/12/bhaji-cheese-fondue-dip-1024x1024.jpg,1186053
https://www.nigella.com/assets/uploads/recipes/public-thumbnail/chocolate-cherry-cupcakes-5637bdabebebf.jpg,204093
https://716f24d81edeb11608aa-99aa5ccfecf745e7cf976b37d172ce54.ssl.cf1.rackcdn.com/chocolate-volcanoes-1219730l1.jpg,1219730
https://www.littlesugarsnaps.com/wp-content/uploads/2021/06/Lemon-Meringue-Cake-2449-.jpg,2159889
https://static.wixstatic.com/media/258c4d_a3be8cc420d44b75945d257dd14a07fa~mv2.jpg,909760
https://bellyfull.net/wp-content/uploads/2020/04/Chocolate-Sauce-blog.jpg,1671680
https://716f24d81edeb11608aa-99aa5ccfecf745e7cf976b37d172ce54.ssl.cf1.rackcdn.com/richards-black-forest-chocolate-fondants-1513419l2.jpg,1513419
https://img.taste.com.au/u8RBAcRZ/w643-h428-cfill-q90/taste/2016/11/choc-orange-mousse-102951-1.jpeg,1199397
https://ichef.bbci.co.uk/food/ic/food_16x9_1600/recipes/tiramisu_cake_13686_16x9.jpg,2159385
https://goodthingsbaking.com/wp-content/uploads/2020/06/Raspberry-Swirl-Ice-Cream-2-768x1152.jpg,1198620
https://cdn.mos.cms.futurecdn.net/UJK7EJmouqMQziyPgfYheR-1024-80.jpg,2159890
https://static.wixstatic.com/media/a27d24_e98378dd80d34030aea270259d6ec1d0~mv2.jpg,909754
https://www.melskitchencafe.com/wp-content/uploads/2022/10/triple-berry-pie9-640x960.jpg,1513369
https://www.pbs.org/food/wp-content/blogs.dir/2/files/2016/12/Double-Chocolate-Entremets-670x370.jpg,1513376
https://kitchencompass.files.wordpress.com/2013/12/prunes-with-grand-marnier-ganache.jpg,377486
https://emmaduckworthbakes.com/wp-content/uploads/2022/06/Raspberry-Ice-Cream.jpg,2023464
https://thehappyfoodie.co.uk/wp-content/uploads/2021/08/truffles_s900x0_c2335x1364_l0x604.jpg,1856159
https://www.nigella.com/assets/uploads/recipes/public-thumbnail/pistachioraspberryroulade-59ba9fcf907df.jpg,1855784
https://www.mybakingaddiction.com/wp-content/uploads/2023/06/hot-chocolate-ganache-in-bowl-700x1050.jpg,1855772
https://img.jamieoliver.com/jamieoliver/recipe-database/122409058.jpg,1716086
https://www.mrsjoneskitchen.com/wp-content/uploads/2018/08/compote-with-berries-720x480.jpg,1198611
https://www.recipetineats.com/wp-content/uploads/2022/11/Apple-Pie_8.jpg,2159896
https://i.guim.co.uk/img/media/7a745678e3b89a646b4c5cbef66945ed97a57369/1032_129_3510_3509/master/3510.jpg?width=1900&dpr=1&s=none,1513364
https://img.jamieoliver.com/jamieoliver/recipe-database/92507776.jpg,2180306
https://goodfoodforus.wordpress.com/wp-content/uploads/2020/04/dsc_0008.jpeg,1868490
https://www.eatyourbooks.com/recipeimages/77a3168b-4a0b-41c5-8066-34e0fb707576.jpg,2799387
https://www.budgetbytes.com/wp-content/uploads/2024/02/Mushroom-Soup-V3-768x1024.jpg,652007
https://thiswasdinner.files.wordpress.com/2013/09/salmon-pasta.jpg,1165341
https://i0.wp.com/ballymaloefoods.ie/wp-content/uploads/2020/05/0016_Cranberry-Palmiens-landscape.jpg,1510670
https://www.theendlessmeal.com/wp-content/uploads/2011/09/homemade-butter-3-730x1094.jpg,2171465
https://i0.wp.com/breadbyelise.com/wp-content/uploads/2021/06/IMG_2403.jpg,1758756
https://images.immediate.co.uk/production/volatile/sites/2/2019/05/PeaSoup-734a040.jpg,1952509
https://suebeehomemaker.com/wp-content/uploads/2021/12/split-pea-vegetable-soup-6.jpg,255299
https://img.jamieoliver.com/jamieoliver/recipe-database/46258742.jpg,1165297
https://awaytogarden.com/wp-content/uploads/2013/07/River-Cottage-Veg-Macaroni-Peas-by-Simon-Wheeler.jpg,652298
https://d2vsf1hynzxim7.cloudfront.net/production/media/16036/responsive-images/foodnetwork-image-42d75470-3e36-46b0-999a-45e2bf5d5e23___default_382_287.jpg,1686637
http://d3opbgeac3ix3h.cloudfront.net/rails/active_storage/representations/proxy/eyJfcmFpbHMiOnsibWVzc2FnZSI6IkJBaHBDUT09IiwiZXhwIjpudWxsLCJwdXIiOiJibG9iX2lkIn19--c5dc7a3d4260d554df297376b3f62220293e32ce/eyJfcmFpbHMiOnsibWVzc2FnZSI6IkJBaDdDVG9MWm05eWJXRjBPZ2wzWldKd09oTnlaWE5wZW1WZmRHOWZabWxzYkZzSGFRS0VBMmtDV0FJNkRHTnZiblpsY25RN0Jqb01aM0poZG1sMGVVa2lDbTV2Y25Sb0Jqb0dSVlE9IiwiZXhwIjpudWxsLCJwdXIiOiJ2YXJpYXRpb24ifX0=--f04f434ba98caaa46c8afab95556ed2992f17076/pea-ham-soup.jpg,1546116
https://images.eatsmarter.com/sites/default/files/styles/576x432/public/zucchini-with-bow-tie-pasta-469853.jpg,2182309
https://716f24d81edeb11608aa-99aa5ccfecf745e7cf976b37d172ce54.ssl.cf1.rackcdn.com/pasta-with-ham-peas-and-25064l1.jpg,25064
https://716f24d81edeb11608aa-99aa5ccfecf745e7cf976b37d172ce54.ssl.cf1.rackcdn.com/yellow-spaghetti-929506l1.jpg,929506
https://images.immediate.co.uk/production/volatile/sites/30/2020/08/recipe-image-legacy-id-4163_12-6200131.jpg?quality=90&webp=true,255881
https://716f24d81edeb11608aa-99aa5ccfecf745e7cf976b37d172ce54.ssl.cf1.rackcdn.com/tagliatelle-with-walnuts-and-lemon-1353525l1.jpg,1353525
https://www.chiselandfork.com/wp-content/uploads/2017/11/mini-ham-and-cheese-quiche-1.jpg,473431
https://images.immediate.co.uk/production/volatile/sites/30/2020/08/recipe-image-legacy-id-1163545_10-1979ff6.jpg,1546116
https://assets.tmecosys.com/image/upload/t_web767x639/img/recipe/ras/Assets/3131FF5B-5D9A-47A2-9980-FCD04D911DA8/Derivates/8BAB1A84-AFAC-4D18-84A1-04443A1DAB60.jpg,472451
https://www.thesun.co.uk/wp-content/uploads/2019/08/NINTCHDBPICT000513925689.jpg,2182309
https://i.guim.co.uk/img/media/474002905ef9ae8525fbdbf2ee7f74c9bc5ea28d/0_145_7006_4203/master/7006.jpg?width=1900&dpr=2&s=none,2142903
https://www.thesun.co.uk/wp-content/uploads/2019/08/NINTCHDBPICT000513925585.jpg,2182301
https://www.thesun.co.uk/wp-content/uploads/2019/08/NINTCHDBPICT000513516779-1.jpg?w=1240,2142903
https://img.jamieoliver.com/jamieoliver/recipe-database/89080982.jpg,1852591
https://www.allrecipes.com/thmb/kxp1wUHWwl8d51jxHZzXEu2cKqY=/750x0/filters:no_upscale():max_bytes(150000):strip_icc():format(webp)/4560835-254bca89d64d46ac8ff96c1f7c63e737.jpg,471736
https://716f24d81edeb11608aa-99aa5ccfecf745e7cf976b37d172ce54.ssl.cf1.rackcdn.com/chocolate-cloud-cake-200606l1.jpg,200606
https://716f24d81edeb11608aa-99aa5ccfecf745e7cf976b37d172ce54.ssl.cf1.rackcdn.com/pea-soup-254094l1.jpg,254094
https://716f24d81edeb11608aa-99aa5ccfecf745e7cf976b37d172ce54.ssl.cf1.rackcdn.com/slow-roasted-garlic-and-lemon-230859l1.jpg,230859
https://716f24d81edeb11608aa-99aa5ccfecf745e7cf976b37d172ce54.ssl.cf1.rackcdn.com/badam-cheesecake-3167905l1.jpg,3167905
https://716f24d81edeb11608aa-99aa5ccfecf745e7cf976b37d172ce54.ssl.cf1.rackcdn.com/cardamom-milk-traybake-3167903l1.jpg,3167903
https://716f24d81edeb11608aa-99aa5ccfecf745e7cf976b37d172ce54.ssl.cf1.rackcdn.com/kulfi-ice-cream-bars-3167908l1.jpg,3167908
https://716f24d81edeb11608aa-99aa5ccfecf745e7cf976b37d172ce54.ssl.cf1.rackcdn.com/milk-fudge-flapjack-3167917l1.jpg,3167917
https://716f24d81edeb11608aa-99aa5ccfecf745e7cf976b37d172ce54.ssl.cf1.rackcdn.com/salmon-in-a-bag-2865908l1.jpg,2865908
https://716f24d81edeb11608aa-99aa5ccfecf745e7cf976b37d172ce54.ssl.cf1.rackcdn.com/stewed-pineapples-3167912l1.jpg,3167912
https://716f24d81edeb11608aa-99aa5ccfecf745e7cf976b37d172ce54.ssl.cf1.rackcdn.com/sweet-filled-shortbread-wedges-3167921l1.jpg,3167921
